,Localidad,Departamento,Provincia,Latitud,Longitud,Estado
0,1° de Mayo,Cainguas,Misiones,"-27,16917","-55,027087",Conectado
1,2 de Mayo _Nucleo 1,Cainguas,Misiones,"-27,021666","-54,687641",Conectado
2,2 de Mayo _Nucleo 2,Cainguas,Misiones,"-27,02955696","-54,6641209",Conectado
3,2 de Mayo _Nucleo 3,Cainguas,Misiones,"-27,01233333","-54,60730556",Conectado
4,20 de Septiembre,Nogoya,Entre Ríos,"-32,3907222","-59,6615",Conectado
5,25 de Mayo,Puelen,La Pampa,"-37,77376111","-67,72372222",Conectado
6,25 de Mayo..,25 de Mayo,Buenos Aires,"-35,44298056","-60,17478889",Conectado
7,25 de Mayo..,San Rafael,Mendoza,"-34,58383333","-68,53869444",Conectado
8,9 de Julio,9 de Julio,San Juan,"-31,667631","-68,387689",Conectado
9,9 de Julio..,9 de Julio,Buenos Aires,"-35,44068889","-60,8725",Conectado
10,Aaron Castellanos,General Lopez,Santa Fe,"-34,33095278","-62,37058611",Conectado
11,Abasto Silica,La Plata,Buenos Aires,"-34,966463","-58,162949",Conectado
12,Abra Grande,Banda,Santiago del Estero,"-27,29072222","-64,38000278",Conectado
13,Abra Pampa,Cochinoca,Jujuy,"-22,724283","-65,688892",Conectado
14,Acevedo,Pergamino,Buenos Aires,"-33,75574167","-60,43588889",Conectado
15,Acheral,Monteros,Tucumán,"-27,12083333","-65,46833333",Conectado
16,Adelia Maria,Rio Cuarto,Córdoba,"-33,633258","-64,012922",Conectado
17,Aerolito,Moreno,Santiago del Estero,"-27,23277778","-62,37916667",Conectado
18,Aguada Cecilio,Valcheta,Rio Negro,"-40,84866944","-65,84260556",Conectado
19,Aguada de Guerra,25 de Mayo,Rio Negro,"-41,06897222","-68,38026667",Conectado
20,Aguaray,Gral.J. de San Martin,Salta,"-22,23920168","-63,72743385",Conectado
21,Aguas Blancas,Oran,Salta,"-22,73420833","-64,35390833",Conectado
22,Aguilares,Rio Chico,Tucumán,"-27,42501667","-65,604125",Conectado
23,Agustin Roca,Junin,Buenos Aires,"-34,508096","-60,871035",Conectado
24,Agustina,Junin,Buenos Aires,"-34,460904","-61,064061",Conectado
25,Aimogasta,Arauco,La Rioja,"-28,56672778","-66,798025",Conectado
26,Alberdi Viejo,Leandro N. Alem,Buenos Aires,"-34,44194444","-61,84444444",Conectado
27,Alcaraz _Pueblo Arrua,La Paz,Entre Ríos,"-31,4546389","-59,59380556",Conectado
28,Alcira Gigena,Rio Cuarto,Córdoba,"-32,7538474","-64,34025712",Conectado
29,Aldea Asuncion,Gualeguay,Entre Ríos,"-32,8293083","-59,22663333",Conectado
30,Aldea Brasilera,Diamante,Entre Ríos,"-31,89194444","-60,58544444",Conectado
31,Aldea Maria Luisa,Parana,Entre Ríos,"-31,88480103","-60,41149878",Conectado
32,Aldea Protestante,Diamante,Entre Ríos,"-32,02838889","-60,56577778",Conectado
33,Aldea Salto,Diamante,Entre Ríos,"-31,92641667","-60,54625",Conectado
34,Aldea San Antonio,Gualeguaychu,Entre Ríos,"-32,624134","-58,70305",Conectado
35,Aldea San Francisco,Diamante,Entre Ríos,"-31,96191667","-60,63581389",Conectado
36,Aldea San Isidro,Federal,Entre Ríos,"-30,9728611","-58,99875",Conectado
37,Aldea San Juan,Gualeguaychu,Entre Ríos,"-32,6975","-58,76741667",Conectado
38,Aldea San Rafael,Parana,Entre Ríos,"-31,95757778","-60,25404167",Conectado
39,Aldea Santa Maria,Parana,Entre Ríos,"-31,610125","-60,00409722",Conectado
40,Aldea Santa Rosa,Parana,Entre Ríos,"-32,01350556","-60,24024167",Conectado
41,Aldea Spatzenkutter,Diamante,Entre Ríos,"-31,94675833","-60,58180278",Conectado
42,Aldea Valle Maria,Diamante,Entre Ríos,"-31,98661389","-60,58496944",Conectado
43,Alfredo Demarchi _Est F Quiroga,9 de Julio,Buenos Aires,"-35,29379722","-61,40713333",Conectado
44,Algarrobo del Aguila,Chical Co,La Pampa,"-36,39905","-67,14587778",Conectado
45,Alhuampa,Moreno,Santiago del Estero,"-27,12833333","-62,54777778",Conectado
46,Almafuerte.,Tercero Arriba,Córdoba,"-32,19078889","-64,26303611",Conectado
47,Alpasinche,San Blas de Los Sauces,La Rioja,"-28,31984167","-67,0532",Conectado
48,Altamirano Sur,Tala,Entre Ríos,"-32,095295","-59,1749",Conectado
49,Alto Rio Senguer,Rio Senguer,Chubut,"-45,036475","-70,812069",Conectado
50,Alto Verde,Chicligasta,Tucumán,"-27,37726944","-65,60968056",Conectado
51,Alvear,Rosario,Santa Fe,"-33,06145847","-60,61597656",Conectado
52,Amadores,Paclin,Catamarca,"-28,261783","-65,637833",Conectado
53,Amaicha del Valle,Tafi del Valle,Tucumán,"-26,59608611","-65,91938056",Conectado
54,Amenabar,General Lopez,Santa Fe,"-34,13546944","-62,41722222",Conectado
55,America,Rivadavia,Buenos Aires,"-35,494459","-62,970023",Conectado
56,Angastaco,San Carlos,Salta,"-25,692875","-66,16695278",Conectado
57,Angulos,Famatina,La Rioja,"-28,655415","-67,650033",Conectado
58,Animana,San Carlos,Salta,"-25,967294","-65,947442",Conectado
59,Antaje,Banda,Santiago del Estero,"-27,6245","-64,25322222",Conectado
60,Antelo,Victoria,Entre Ríos,"-32,533375","-60,03477778",Conectado
61,Añatuya,General Taboada,Santiago del Estero,"-28,4642448","-62,83943156",Conectado
62,Aranguren,Nogoya,Entre Ríos,"-32,24448611","-60,155875",Conectado
63,Arbilla,Rosario,Santa Fe,"-33,103814","-60,703158",Conectado
64,Arcadia,Chicligasta,Tucumán,"-27,30694848","-65,57606749",Conectado
65,Ardiles,Banda,Santiago del Estero,"-27,41264167","-64,49995833",Conectado
66,Argerich,Villarino,Buenos Aires,"-38,77061","-62,601599",Conectado
67,Ariel,Azul,Buenos Aires,"-36,53180278","-59,92035833",Conectado
68,Aristobulo del Valle,Cainguas,Misiones,"-27,10326667","-54,89213333",Conectado
69,Armstrong,Belgrano,Santa Fe,"-32,77441605","-61,61182415",Conectado
70,Arocena,San Jeronimo,Santa Fe,"-32,07926111","-60,97875556",Conectado
71,Arraga,,Santiago del Estero,"-28,04970833","-64,22378056",Conectado
72,Arrayanal,San Pedro,Jujuy,"-24,17766667","-64,84009444",Conectado
73,Arrecifes ,Arrecifes,Buenos Aires,"-34,06392883","-60,07180956",Conectado
74,Arribeños,General Arenales,Buenos Aires,"-34,208346","-61,35876",Conectado
75,Arroyito,San Justo,Córdoba,"-31,415964","-63,044611",Conectado
76,Arroyito.,Confluencia,Neuquén,"-39,07191944","-68,56725278",Conectado
77,Arroyo Corto,Saavedra,Buenos Aires,"-37,51449676","-62,31076809",Conectado
78,Arroyo de La Cruz,Exhaltacion de la Cruz,Buenos Aires,"-34,34013645","-59,11324909",Conectado
79,Arroyo Dulce,Salto,Buenos Aires,"-34,09362778","-60,41030278",Conectado
80,Arroyo Seco,Rosario,Santa Fe,"-33,16727778","-60,52825",Conectado
81,Arrufo,San Cristobal,Santa Fe,"-30,23163889","-61,72727778",Conectado
82,Ataliva,Castellanos,Santa Fe,"-30,99839452","-61,43187315",Conectado
83,Ataliva Roca,Utracan,La Pampa,"-37,03036667","-64,29124722",Conectado
84,Avellaneda..,Ischilin,Córdoba,"-30,595061","-64,20645",Conectado
85,Averias,General Taboada,Santiago del Estero,"-28,74518333","-62,449725",Conectado
86,Avia Terai,Independencia,Chaco,"-26,686306","-60,729694",Conectado
87,Ayacucho,Ayacucho,Buenos Aires,"-37,14957222","-58,47072222",Conectado
88,Azcuenaga,San Andres de Giles,Buenos Aires,"-34,36307825","-59,37655399",Conectado
89,Azucena,San Andres de Giles,Buenos Aires,"-37,48694167","-59,293325",Conectado
90,Azul,Azul,Buenos Aires,"-36,76994444","-59,85005556",Conectado
91,Bahia Blanca,Bahia Blanca,Buenos Aires,"-38,75124167","-62,28297222",Conectado
92,Bahia Blanca.,Bahia Blanca,Buenos Aires,"-38,75124167","-62,28297222",Conectado
93,Baigorrita,General Viamonte,Buenos Aires,"-34,74771111","-60,98280833",Conectado
94,Bajada del Agrio,Picunches,Neuquén,"-38,40473333","-70,02648611",Conectado
95,Bajo Caracoles II,Rio Chico,Santa Cruz,"-47,44512222","-70,92744444",Conectado
96,Bajo Carrizal,Famatina,La Rioja,"-28,888795","-67,563648",Conectado
97,Balcarce,Balcarce,Buenos Aires,"-37,84979167","-58,24926111",Conectado
98,Ballesteros,Union,Córdoba,"-32,544244","-62,975397",Conectado
99,Balneario Laguna de Gomez,Junin,Buenos Aires,"-34,65590556","-61,0193",Conectado
100,Bananal,Ledesma,Jujuy,"-23,56561111","-64,50236111",Conectado
101,Bandera,Belgrano,Santiago del Estero,"-28,88791667","-62,26744444",Conectado
102,Bandera Bajada,Figueroa,Santiago del Estero,"-27,276667","-63,509722",Conectado
103,Banderalo,General Villegas,Buenos Aires,"-35,01091667","-63,37183333",Conectado
104,Bañado de Soto,Cruz del Eje,Córdoba,"-30,794461","-65,052825",Conectado
105,Baradero,Baradero,Buenos Aires,"-33,810287","-59,50957",Conectado
106,Barcena,Tumbaya,Jujuy,"-23,982475","-65,452911",Conectado
107,Barda del Medio,General Roca,Rio Negro,"-38,72412222","-68,16301389",Conectado
108,Bardas Blancas,Malargüe,Mendoza,"-35,86848611","-69,80525833",Conectado
109,Barrancas,San Jeronimo,Santa Fe,"-32,23239444","-60,99059444",Conectado
110,Barrancas (ex Las Juntas),Belen,Catamarca,"-28,103884","-65,899651",Conectado
111,Barrancas.,Pehuenches,Neuquén,"-36,82359167","-69,91165278",Conectado
112,Barrio Alto del Olvido,Lavalle,Mendoza,"-32,668533","-68,583604",Conectado
113,Barrio Casa Rosada,Famailla,Tucumán,"-27,04634722","-65,4272",Conectado
114,Barrio Colinas Verdes,General Pueyrredon,Buenos Aires,"-37,89308889","-57,82196944",Conectado
115,Barrio Colonia Conesa,Conesa,Rio Negro,"-40,151051","-64,353325",Conectado
116,Barrio El Coyunco,General Pueyrredon,Buenos Aires,"-37,91791944","-57,74728056",Conectado
117,Barrio El Pilar,Bariloche,Rio Negro,"-41,17068333","-71,33728333",Conectado
118,Barrio El Portal cambia por Ing. Fronteritas,Famailla,Tucumán,"-27,03670894","-65,39213814",Conectado
119,Barrio El Taladro,Cañuelas,Buenos Aires,"-35,0715","-58,86511111",Conectado
120,Barrio Jocoli II,Lavalle,Mendoza,"-32,650868","-68,660069",Conectado
121,Barrio Justo P. Castro Iv,Caucete,San Juan,"-31,627767","-68,302285",Conectado
122,Barrio La Gloria,General Pueyrredon,Buenos Aires,"-37,90758889","-57,78501111",Conectado
123,Barrio La Palmera,Lavalle,Mendoza,"-32,72149722","-68,56055278",Conectado
124,Barrio La Pega,Lavalle,Mendoza,"-32,80666667","-68,66527778",Conectado
125,Barrio La Union,El Carmen,Jujuy,"-24,40512778","-65,06995",Conectado
126,Barrio Lomas Altas,Chascomus,Buenos Aires,"-35,58551111","-58,06786667",Conectado
127,Barrio Martinez Saravia,Gral.J. de San Martin,Salta,"-22,57591111","-63,80631667",Conectado
128,Barrio Mitre,,Santa Fe,"-33,25204167","-60,38819444",Conectado
129,Barrio Sadop,San Martin,San Juan,"-31,5349666","-68,3983333",Conectado
130,Barrio Santa Paula,General Pueyrredon,Buenos Aires,"-37,93163056","-57,68613889",Conectado
131,Barrio Virgen del Rosario,Lavalle,Mendoza,"-32,70246667","-68,313",Conectado
132,Barrios,Yavi,Jujuy,"-22,24627796","-65,52787171",Conectado
133,Bartolome de las Casas,Patiño,Formosa,"-25,40875889","-59,57087908",Conectado
134,Basavilbaso,Uruguay,Entre Ríos,"-32,37117222","-58,87845833",Conectado
135,Belen,Belen,Catamarca,"-27,64672222","-67,02038889",Conectado
136,Bell Ville,Union,Córdoba,"-32,612997","-62,694325",Conectado
137,Bella Italia,Castellanos,Santa Fe,"-31,28253584","-61,40937088",Conectado
138,Bella Vista,Bella Vista,Corrientes,"-28,517925","-59,03736111",Conectado
139,Bellocq,Carlos Casares,Buenos Aires,"-35,919598","-61,534026",Conectado
140,Beltran,Robles,Santiago del Estero,"-27,82890278","-64,06425556",Conectado
141,Benavidez,Tigre,Buenos Aires,"-34,41083333","-58,72027778",Conectado
142,Benito Juarez,Benito Juarez,Buenos Aires,"-37,67955556","-59,81016667",Conectado
143,Berdier,Salto,Buenos Aires,"-34,39888889","-60,25111111",Conectado
144,Bermudez,Lincoln,Buenos Aires,"-34,69230556","-61,32461111",Conectado
145,Bernardo de Irigoyen,Gral. Manuel Belgrano,Misiones,"-26,25511944","-53,64576944",Conectado
146,Berrotaran,Rio Cuarto,Córdoba,"-32,449162","-64,393537",Conectado
147,Berutti,Trenque Lauquen,Buenos Aires,"-35,85957778","-62,51339722",Conectado
148,Betbeder,Nogoya,Entre Ríos,"-32,373275","-59,92775556",Conectado
149,Bocayuva,Pellegrini,Buenos Aires,"-36,2045","-63,07622222",Conectado
150,Bonpland,Paso de Los Libres,Corrientes,"-29,81708333","-57,42736111",Conectado
151,Bovril,La Paz,Entre Ríos,"-31,34015","-59,43371944",Conectado
152,Bowen,General Alvear,Mendoza,"-34,99286111","-67,51236111",Conectado
153,Bower,Santa Maria,Córdoba,"-31,557942","-64,193089",Conectado
154,Bragado,Bragado,Buenos Aires,"-35,12833333","-60,47111111",Conectado
155,Bulnes,Rio Cuarto,Córdoba,"-33,501514","-64,678982",Conectado
156,Bustinza,Iriondo,Santa Fe,"-32,73511944","-61,29375278",Conectado
157,Buta Ranquil,Pehuenches,Neuquén,"-37,05138611","-69,87720278",Conectado
158,Caa - Yari,Leandro N. Alem,Misiones,"-27,485512","-55,299521",Conectado
159,Cachi,Cachi,Salta,"-25,12087222","-66,15459444",Conectado
160,Cafayate,Cafayate,Salta,"-26,0725","-65,98448889",Conectado
161,Caimancito,Ledesma,Jujuy,"-23,740333","-64,602333",Conectado
162,Calabacilla,Concordia,Entre Ríos,"-31,50665833","-58,13470556",Conectado
163,Caleta Olivia,Deseado,Santa Cruz,"-46,45789722","-67,51471667",Conectado
164,Calilegua,Ledesma,Jujuy,"-23,77252778","-64,776",Conectado
165,Campamento Vespucio,Gral.J. de San Martin,Salta,"-22,58495278","-63,85387778",Conectado
166,Campamento Vialidad Nacional,Caleu Caleu,La Pampa,"-38,38843889","-64,07326667",Conectado
167,Campana,Campana,Buenos Aires,"-34,18055556","-58,96888889",Conectado
168,Campanas,Famatina,La Rioja,"-28,556084","-67,617573",Conectado
169,Campichuelo,Gral.J. de San Martin,Salta,"-23,10823056","-63,99715",Conectado
170,Campo de Herrera,Famailla,Tucumán,"-27,02831944","-65,34786111",Conectado
171,Campo Gallo,Alberdi,Santiago del Estero,"-26,58194444","-62,84416667",Conectado
172,Campo Grande,Cainguas,Misiones,"-27,214249","-54,975396",Conectado
173,Campo Ramon,Obera,Misiones,"-27,457705","-55,022584",Conectado
174,Campo Viera,Obera,Misiones,"-27,33061158","-55,05184845",Conectado
175,Canal 5 Puerto Iguazu,Puerto Iguazu,Misiones,"-25,609138","-54,573938",Conectado
176,Cangrejillos,Yavi,Jujuy,"-22,42572222","-65,58213889",Conectado
177,Cañada de Gomez,Iriondo,Santa Fe,"-32,81630556","-61,41252778",Conectado
178,Cañada Escobar,Banda,Santiago del Estero,"-27,708472","-64,027861",Conectado
179,Cañada Ombu,Vera,Santa Fe,"-28,308","-59,98211111",Conectado
180,Cañada Seca,General Villegas,Buenos Aires,"-34,41813889","-62,95777778",Conectado
181,Cañada Xii,Formosa,Formosa,"-25,88162778","-58,08538611",Conectado
182,Cañadon Seco,Deseado,Santa Cruz,"-46,56157222","-67,60674444",Conectado
183,Cañuelas,Cañuelas,Buenos Aires,"-35,025225","-58,73272778",Conectado
184,Capayan,Capayan,Catamarca,"-28,760092","-66,048739",Conectado
185,Capiazuti,Gral.J. de San Martin,Salta,"-22,20186944","-63,71677778",Conectado
186,Capilla de Los Remedios,Rio Primero,Córdoba,"-31,42955833","-63,83223056",Conectado
187,Capilla del Señor,Exaltacion de La Cruz,Buenos Aires,"-34,29258889","-59,10114444",Conectado
188,Capitan Bermudez,San Lorenzo,Santa Fe,"-32,82208889","-60,71730278",Conectado
189,Capitan Juan Page,Rivadavia,Salta,"-23,68649167","-62,37581111",Conectado
190,Capitan Sarmiento,Capitan Sarmiento,Buenos Aires,"-34,17188611","-59,79345",Conectado
191,Carboncito,Gral.J. de San Martin,Salta,"-23,23348611","-63,76795",Conectado
192,Carcaraña,San Lorenzo,Santa Fe,"-32,8566111","-61,1517777",Conectado
193,Cardenal Cagliero,Patagones,Buenos Aires,"-40,65080556","-62,75411111",Conectado
194,Carhue,Adolfo Alsina,Buenos Aires,"-37,18036111","-62,76183889",Conectado
195,Carlos Keen,Lujan,Buenos Aires,"-34,48888889","-59,2175",Conectado
196,Carlos Maria Naon,9 de Julio,Buenos Aires,"-35,23848167","-60,824309",Conectado
197,Carlos Tejedor,Carlos Tejedor,Buenos Aires,"-35,390125","-62,41308333",Conectado
198,Carmen de Areco,Carmen de Areco,Buenos Aires,"-34,38752778","-59,82036389",Conectado
199,Carmen de Patagones,Patagones,Buenos Aires,"-40,78720833","-62,96825278",Conectado
200,Carmensa,General Alvear,Mendoza,"-35,14803889","-67,65320556",Conectado
201,Carnerillo,Juarez Celman,Córdoba,"-32,91162862","-64,02265127",Conectado
202,Caseros,Uruguay,Entre Ríos,"-32,46175","-58,47422222",Conectado
203,Caseros Centro,Santa Maria,Córdoba,"-31,56156389","-64,14769722",Conectado
204,Casira,Santa Catalina,Jujuy,"-21,97830556","-65,89527222",Conectado
205,Caspichango,Santa Maria,Catamarca,"-26,732878","-65,952222",Conectado
206,Castilla,Chacabuco,Buenos Aires,"-34,61167778","-59,89820833",Conectado
207,Catriel,General Roca,Rio Negro,"-37,88302222","-67,80406389",Conectado
208,Catrilo,Catrilo,La Pampa,"-36,407925","-63,41604444",Conectado
209,Caucete,Caucete,San Juan,"-31,64344444","-68,28632778",Conectado
210,Cazon,Saladillo,Buenos Aires,"-35,57500833","-59,66033611",Conectado
211,Ceibalito,Anta,Salta,"-25,110144","-64,274592",Conectado
212,Centenario,Confluencia,Neuquén,"-38,83250833","-68,12815833",Conectado
213,Ceres,San Cristobal,Santa Fe,"-29,86397222","-61,94908333",Conectado
214,Cerrito,Parana,Entre Ríos,"-31,57397778","-60,07709167",Conectado
215,Cerro Azul,Leandro N. Alem,Misiones,"-27,63339167","-55,49644722",Conectado
216,Cerro Negro,Tinogasta,Catamarca,"-28,259194","-67,135444",Conectado
217,Chacabuco,Chacabuco,Buenos Aires,"-34,62842222","-60,46585278",Conectado
218,Chajan,Rio Cuarto,Córdoba,"-33,55332896","-65,00178909",Conectado
219,Chajari,Federacion,Entre Ríos,"-30,75574444","-57,98850556",Conectado
220,Chalican,Ledesma,Jujuy,"-24,06906667","-64,80698889",Conectado
221,Chamical,Chamical,La Rioja,"-30,36708333","-66,31252778",Conectado
222,Chañar,General Belgrano,La Rioja,"-30,538797","-65,956731",Conectado
223,Chañar Punco,Santa Maria,Catamarca,"-26,709442","-66,066752",Conectado
224,Chañarmuyo,Famatina,La Rioja,"-28,606522","-67,585758",Conectado
225,Charadai,Tapenaga,Chaco,"-27,65433056","-59,86046667",Conectado
226,Chascomus,Chascomus,Buenos Aires,"-35,5737361","-58,0189694",Conectado
227,Chasico,Tornquist,Buenos Aires,"-38,335817","-62,644858",Conectado
228,Chaupi Pozo,Banda,Santiago del Estero,"-27,50829167","-64,42110556",Conectado
229,Chepes,Rosario Vera Peñaloza,La Rioja,"-31,34456667","-66,57688611",Conectado
230,Chilecito,San Carlos,Mendoza,"-33,88847222","-69,06914167",Conectado
231,Chilecito.,Chilecito,La Rioja,"-29,16338787","-67,49784005",Conectado
232,Chivilcoy,Chivilcoy,Buenos Aires,"-34,91888889","-59,99333333",Conectado
233,Chorriaca,Loncopue,Neuquén,"-37,93418889","-70,071025",Conectado
234,Chos Malal,Chos Malal,Neuquén,"-37,36697628","-70,26355993",Conectado
235,Chucul,Rio Cuarto,Córdoba,"-33,010791","-64,1704097",Conectado
236,Chucul Silica,Rio Cuarto,Córdoba,"-33,019067","-64,183133",Conectado
237,Chumbicha,Capayan,Catamarca,"-28,8570138","-66,2354666",Conectado
238,Chuña,Ischilin,Córdoba,"-30,46912222","-64,66612222",Conectado
239,Cienaga de Paicone,Santa Catalina,Jujuy,"-22,17846474","-66,41340328",Conectado
240,Cieneguillas,Santa Catalina,Jujuy,"-22,1008","-65,86648333",Conectado
241,Clemente Onelli,25 de Mayo,Rio Negro,"-41,24585603","-70,03183341",Conectado
242,Clodomira,Banda,Santiago del Estero,"-27,57498333","-64,13175278",Conectado
243,Clorinda,Pilcomayo,Formosa,"-25,28840833","-57,72604444",Conectado
244,Colalao del Valle,Tafi del Valle,Tucumán,"-26,36103889","-65,9561",Conectado
245,Colmena,Vera,Santa Fe,"-28,7584722","-60,0881388",Conectado
246,Colon,Colon,Buenos Aires,"-33,89786336","-61,09956051",Conectado
247,Colonia Aborigen,25 de Mayo,Chaco,"-26,956367","-60,203231",Conectado
248,Colonia Benitez,1º de Mayo,Chaco,"-27,332506","-58,946917",Conectado
249,Colonia Bossi,San Cristobal,Santa Fe,"-30,66908056","-61,78906944",Conectado
250,Colonia Cello,Castellanos,Santa Fe,"-31,43030556","-61,84154167",Conectado
251,Colonia del Valle,Capayan,Catamarca,"-28,653058","-65,868058",Conectado
252,Colonia El Simbolar,Robles,Santiago del Estero,"-27,71413333","-63,86821667",Conectado
253,Colonia Ensayo,Diamante,Entre Ríos,"-31,86516667","-60,57591667",Conectado
254,Colonia Julia y Echarren,Pichi Mahuida,Rio Negro,"-39,03535278","-64,02580278",Conectado
255,Colonia Las Heras,Deseado,Santa Cruz,"-46,54363611","-68,90773333",Conectado
256,Colonia Mayo-Barrio Milagrosa,Cruz Alta,Tucumán,"-26,8366055","-64,9905916",Conectado
257,Colonia Nueva Coneta,Capayan,Catamarca,"-28,579003","-65,834958",Conectado
258,Colonia Peña,Federacion,Entre Ríos,"-30,80135","-58,18826389",Conectado
259,Colonia Popular,Libertad,Chaco,"-27,276111","-59,148694",Conectado
260,Colonia Raquel,Castellanos,Santa Fe,"-30,83630556","-61,49011389",Conectado
261,Colonia San Jose,Tilcara,Jujuy,"-23,3936667","-65,345508",Conectado
262,Colonia San Martin,Saavedra,Buenos Aires,"-37,97597615","-62,33279726",Conectado
263,Colonia Santa Maria.,Federacion,Entre Ríos,"-30,61268889","-58,17001944",Conectado
264,Colonia Santa Maria..,Utracan,La Pampa,"-37,49518611","-64,22837778",Conectado
265,Colonia Santa Rosa,Oran,Salta,"-23,39358611","-64,41942222",Conectado
266,Colonia Wanda,Iguazu,Misiones,"-25,97164722","-54,56123611",Conectado
267,Comallo,Pilcaniyeu,Rio Negro,"-41,03466389","-70,26398056",Conectado
268,Comandante Andresito,Gral. Manuel Belgrano,Misiones,"-25,67647222","-54,04119444",Conectado
269,Concepcion,Chicligasta,Tucumán,"-27,34515438","-65,58824982",Conectado
270,Concepcion del Bermejo,Almirante Brown,Chaco,"-26,599389","-60,948417",Conectado
271,Concepcion del Uruguay,Uruguay,Entre Ríos,"-32,48446389","-58,25335",Conectado
272,Concordia,Concordia,Entre Ríos,"-31,38165833","-58,01830556",Conectado
273,Condor Huasi,Belen,Catamarca,"-27,495422","-67,095831",Conectado
274,Conesa,San Nicolas,Buenos Aires,"-33,592071","-60,357235",Conectado
275,Coneta,Capayan,Catamarca,"-28,585833","-65,890556",Conectado
276,Conscripto Bernardi,Federal,Entre Ríos,"-31,04508333","-59,08746944",Conectado
277,Coranzuli,Susques,Jujuy,"-23,01628234","-66,36539812",Conectado
278,Cordoba,Capital,Córdoba,"-31,43919444","-64,18978056",Conectado
279,Coronda,San Jeronimo,Santa Fe,"-31,96863889","-60,93243056",Conectado
280,Coronel Baigorria,Rio Cuarto,Córdoba,"-32,85049429","-64,36101665",Conectado
281,Coronel Cornejo,Gral.J. de San Martin,Salta,"-22,73898889","-63,81906667",Conectado
282,Coronel Juan Sola,Rivadavia,Salta,"-23,47294444","-62,88200556",Conectado
283,Coronel Moldes,Rio Cuarto,Córdoba,"-33,616438","-64,592501",Conectado
284,Coronel Rodolfo S. Dominguez,Rosario,Santa Fe,"-33,18281389","-60,72248056",Conectado
285,Coronel Suarez,Coronel Suarez,Buenos Aires,"-37,47297222","-61,92690833",Conectado
286,Corralito,Tercero Arriba,Córdoba,"-32,01735154","-64,19924005",Conectado
287,Correa,Iriondo,Santa Fe,"-32,84814863","-61,25543153",Conectado
288,Corrientes,Capital,Corrientes,"-27,4738916","-58,8535194",Conectado
289,Costa de Araujo,Lavalle,Mendoza,"-32,75335556","-68,40745",Conectado
290,Cote Lai,Tapenaga,Chaco,"-27,52838797","-59,57113735",Conectado
291,Country Club El Casco,Zarate,Buenos Aires,"-34,12682778","-59,08610556",Conectado
292,Coyaguayma,Rinconada,Jujuy,"-22,77222222","-66,44111111",Conectado
293,Crespo,Parana,Entre Ríos,"-32,04451111","-60,30311944",Conectado
294,Crotto,Tapalque,Buenos Aires,"-36,57603333","-60,17097778",Conectado
295,Cruce Caballero,San Pedro,Misiones,"-26,54238889","-53,94166667",Conectado
296,Cruz de Los Milagros,Lavalle,Corrientes,"-28,83697222","-59,00372222",Conectado
297,Cruz del Eje,Cruz del Eje,Córdoba,"-30,72420556","-64,80055833",Conectado
298,Cuatro Esquinas,Rosario,Santa Fe,"-33,24457778","-60,76273889",Conectado
299,Cucullu,San Andres de Giles,Buenos Aires,"-34,44530833","-59,36046944",Conectado
300,Curamalal,Coronel Suarez,Buenos Aires,"-37,48565","-62,10691667",Conectado
301,Curaru,Carlos Tejedor,Buenos Aires,"-35,64127778","-62,19375",Conectado
302,Curupayti,San Cristobal,Santa Fe,"-30,39494444","-61,65325",Conectado
303,Cusi Cusi,Santa Catalina,Jujuy,"-22,34100899","-66,49245265",Conectado
304,Daireaux,Daireaux,Buenos Aires,"-36,59658333","-61,74971111",Conectado
305,Dalmacio Velez,Tercero Arriba,Córdoba,"-32,612183","-63,578467",Conectado
306,De Bary,Pellegrini,Buenos Aires,"-36,34075","-63,25986111",Conectado
307,Dean Funes,Ischilin,Córdoba,"-30,42289444","-64,35716111",Conectado
308,Del Carril,Saladillo,Buenos Aires,"-35,50838889","-59,51580556",Conectado
309,Del Viso,Pilar,Buenos Aires,"-34,45436111","-58,79658333",Conectado
310,Delfin Gallo,Cruz Alta,Tucumán,"-26,84598889","-65,09426667",Conectado
311,Derqui,Pilar,Buenos Aires,"-34,4913","-58,84225",Conectado
312,Despeñaderos,Santa Maria,Córdoba,"-31,81759444","-64,29596389",Conectado
313,Desvio Arijon,San Jeronimo,Santa Fe,"-31,87219444","-60,88847778",Conectado
314,Devoto,San Justo,Córdoba,"-31,40551389","-62,30051667",Conectado
315,Diamante,Diamante,Entre Ríos,"-32,07167778","-60,63232222",Conectado
316,Diego de Alvear,General Lopez,Santa Fe,"-34,37261111","-62,12951111",Conectado
317,Diego Gaynor,Exaltacion de La Cruz,Buenos Aires,"-34,28715839","-59,2212097",Conectado
318,Dina Huapi,Pilcaniyeu,Rio Negro,"-41,074825","-71,168925",Conectado
319,Don Cristobal,Nogoya,Entre Ríos,"-32,07224444","-59,9941",Conectado
320,Don Emilio,San Pedro,Jujuy,"-24,31513889","-64,90741111",Conectado
321,Donadeu,Alberdi,Santiago del Estero,"-26,72361111","-62,72416667",Conectado
322,Dragones,Gral.J. de San Martin,Salta,"-23,2470534","-63,3426742",Conectado
323,Duggan,San Antonio de Areco,Buenos Aires,"-34,21148889","-59,63817222",Conectado
324,Durazno,Tala,Entre Ríos,"-31,98889722","-59,28122222",Conectado
325,Egusquiza,Castellanos,Santa Fe,"-31,09433333","-61,62680556",Conectado
326,El Acheral,San Pedro,Jujuy,"-24,403414","-64,798362",Conectado
327,El Arbolito,Colon,Buenos Aires,"-33,914387","-60,945069",Conectado
328,El Bolson,Bariloche,Rio Negro,"-41,97290556","-71,52751667",Conectado
329,El Cabure,Copo,Santiago del Estero,"-26,01355278","-62,33858056",Conectado
330,El Calafate,Lago Argentino,Santa Cruz,"-50,33863611","-72,25456944",Conectado
331,El Chacho,Minas,Córdoba,"-30,79963056","-65,65626389",Conectado
332,El Charco,Jimenez,Santiago del Estero,"-27,23038611","-64,70580833",Conectado
333,El Chocon,Confluencia,Neuquén,"-39,26081389","-68,82387222",Conectado
334,El Cimarron,Federal,Entre Ríos,"-30,98631142","-58,97818793",Conectado
335,El Dean,Capital,Santiago del Estero,"-27,69189722","-64,35109167",Conectado
336,El Desmonte,Santa Maria,Catamarca,"-26,88487778","-66,09943611",Conectado
337,El Dorado,Leandro N. Alem,Buenos Aires,"-34,64856389","-61,58135",Conectado
338,El Foyel,Bariloche,Rio Negro,"-41,65309167","-71,45965278",Conectado
339,El Fuertecito,San Justo,Córdoba,"-31,40458611","-62,97202778",Conectado
340,El Galpon,Metan,Salta,"-25,38356111","-64,65725",Conectado
341,El Hoyo,Cushamen,Chubut,"-42,06164873","-71,49517054",Conectado
342,El Juncal,Adolfo Alsina,Rio Negro,"-40,80725","-63,12633333",Conectado
343,El Medano,Jachal,San Juan,"-30,12666","-68,682399",Conectado
344,El Mollar cambia por San Antonio,Tafi del Valle,Tucumán,"-26,93918889","-65,70302778",Conectado
345,El Nihuil,San Rafael,Mendoza,"-35,03251205","-68,67622192",Conectado
346,El Palenque,Parana,Entre Ríos,"-31,65583056","-60,16800278",Conectado
347,El Paraiso,Ramallo,Buenos Aires,"-33,56727778","-59,98036111",Conectado
348,El Pingo,Parana,Entre Ríos,"-31,58163333","-59,89108333",Conectado
349,El Portezuelo,Valle Viejo,Catamarca,"-28,4722222","-65,6361111",Conectado
350,El Pueblito,Tinogasta,Catamarca,"-28,289861","-67,162722",Conectado
351,El Puesto,San Pedro,Jujuy,"-24,19847519","-64,78960429",Conectado
352,El Quebrachal,Anta,Salta,"-25,33558333","-64,01981111",Conectado
353,El Rincon,Caucete,San Juan,"-31,6651166","-68,3200833",Conectado
354,El Salado,Tinogasta,Catamarca,"-28,304858","-67,246761",Conectado
355,El Sauzal cambia por Iltico,Rio Hondo,Santiago del Estero,"-27,48831111","-64,58200556",Conectado
356,El Socorro - Villa Angelica,Pergamino,Buenos Aires,"-33,66437778","-60,70798056",Conectado
357,El Solar,La Paz,Entre Ríos,"-31,1751","-59,73229444",Conectado
358,El Sombrero,Empedrado,Corrientes,"-27,70127778","-58,76213889",Conectado
359,El Sosneado,San Rafael,Mendoza,"-35,07950833","-69,56686111",Conectado
360,El Talar,Santa Barbara,Jujuy,"-23,557972","-64,361167",Conectado
361,El Tunal,Metan,Salta,"-25,25191944","-64,39253889",Conectado
362,El Vergel,Lavalle,Mendoza,"-32,78555556","-68,61277778",Conectado
363,Elena,Rio Cuarto,Córdoba,"-32,568444","-64,397662",Conectado
364,Embarcacion,Gral.J. de San Martin,Salta,"-23,20344167","-64,09765833",Conectado
365,Emilio Ayarza,Chivilcoy,Buenos Aires,"-34,74722","-60,04021",Conectado
366,Emilio V. Bunge,General Villegas,Buenos Aires,"-34,78573889","-63,19333611",Conectado
367,Empalme Villa Constitucion,Constitucion,Santa Fe,"-33,24963889","-60,36963889",Conectado
368,Empedrado,Empedrado,Corrientes,"-27,9530323","-58,80502364",Conectado
369,Enrique Carbo,Gualeguaychu,Entre Ríos,"-33,1529916","-59,2115583",Conectado
370,Epuyen,Cushamen,Chubut,"-42,228372","-71,355086",Conectado
371,Esperanza,Güer Aike,Santa Cruz,"-51,0286111","-70,7772444",Conectado
372,Esperanza.,Las Colonias,Santa Fe,"-31,45403056","-60,94433611",Conectado
373,Esquel,Futaleufu,Chubut,"-42,908185","-71,287467",Conectado
374,Esquina,Esquina,Corrientes,"-30,01525","-59,52844444",Conectado
375,Estacion Araoz,Leales,Tucumán,"-27,05952778","-64,9261",Conectado
376,Estacion Arroyo Cle,Tala,Entre Ríos,"-32,63466944","-59,40154444",Conectado
377,Estacion Atamisqui,Atamisqui,Santiago del Estero,"-28,492541","-63,938371",Conectado
378,Estacion Camps,Diamante,Entre Ríos,"-32,11102778","-60,22819444",Conectado
379,Estacion Escriña,Gualeguaychu,Entre Ríos,"-32,594733","-58,905059",Conectado
380,Estacion Lazo,Gualeguay,Entre Ríos,"-32,87055556","-59,42205556",Conectado
381,Estacion Raices,Villaguay,Entre Ríos,"-31,91","-59,25994444",Conectado
382,Estacion Saguier,Castellanos,Santa Fe,"-31,31637792","-61,695935",Conectado
383,Estacion Sosa,Parana,Entre Ríos,"-31,73835556","-59,91006667",Conectado
384,Estacion Taboada,San Martin,Santiago del Estero,"-28,006944","-63,746944",Conectado
385,Estacion Tacañitas,General Taboada,Santiago del Estero,"-28,62479167","-62,60573333",Conectado
386,Estancia Grande,Concordia,Entre Ríos,"-31,482037","-58,175501",Conectado
387,Estancia San Pedro,Uruguay,Entre Ríos,"-32,34246944","-58,64832778",Conectado
388,Eugenio Bustos,San Carlos,Mendoza,"-33,77418056","-69,060025",Conectado
389,Famailla,Famailla,Tucumán,"-27,054417","-65,404298",Conectado
390,Famatanca,Santa Maria,Catamarca,"-26,778611","-66,082833",Conectado
391,Faustino M. Parera,Gualeguaychu,Entre Ríos,"-32,8037","-58,881475",Conectado
392,Federal,Federal,Entre Ríos,"-30,943125","-58,78145",Conectado
393,Fernandez,Robles,Santiago del Estero,"-27,92865","-63,88114444",Conectado
394,Fighiera,Rosario,Santa Fe,"-33,19756944","-60,46653333",Conectado
395,Fontana,San Fernando,Chaco,"-27,418097","-59,032583",Conectado
396,Fontezuela,Pergamino,Buenos Aires,"-33,911901","-60,458912",Conectado
397,Formosa,Formosa,Formosa,"-26,20588889","-58,20706389",Conectado
398,Fortin Inca,Belgrano,Santiago del Estero,"-29,12830833","-61,93815556",Conectado
399,Fortin Tiburcio,Junin,Buenos Aires,"-34,34672","-61,132941",Conectado
400,Fraile Pintado,Ledesma,Jujuy,"-23,94307222","-64,80038889",Conectado
401,Francisco Madero,Pehuajo,Buenos Aires,"-35,84960833","-62,06741111",Conectado
402,Franck,Las Colonias,Santa Fe,"-31,5803333","-60,939",Conectado
403,Franklin,San Andres de Giles,Buenos Aires,"-34,60917778","-59,62936111",Conectado
404,Fray Luis Beltran,San Lorenzo,Santa Fe,"-32,78803611","-60,72895278",Conectado
405,Freitas San Pedro,Federacion,Entre Ríos,"-30,75515278","-58,07944722",Conectado
406,Frias,Choya,Santiago del Estero,"-28,62827778","-65,12913889",Conectado
407,Frontera,Castellanos,Santa Fe,"-31,43023611","-62,06516944",Conectado
408,Fuerte Quemado,Santa Maria,Catamarca,"-26,62673527","-66,04818923",Conectado
409,Funes,Rosario,Santa Fe,"-32,924025","-60,78891944",Conectado
410,Gahan,Salto,Buenos Aires,"-34,337277","-60,099472",Conectado
411,Gaona,Anta,Salta,"-25,24143333","-64,03605556",Conectado
412,Garabato,Vera,Santa Fe,"-28,954","-60,14113889",Conectado
413,General Almada,Gualeguaychu,Entre Ríos,"-32,83676622","-58,80586185",Conectado
414,General Alvear,General Alvear,Mendoza,"-34,98127778","-67,67274167",Conectado
415,General Alvear.,Diamante,Entre Ríos,"-31,95069444","-60,67189722",Conectado
416,General Alvear..,General Alvear,Buenos Aires,"-36,021356","-60,002742",Conectado
417,General Arenales,General Arenales,Buenos Aires,"-34,30466349","-61,30566887",Conectado
418,General Ballivian,Gral.J. de San Martin,Salta,"-22,9361","-63,85884722",Conectado
419,General Belgrano,General Belgrano,Buenos Aires,"-35,76403056","-58,48758889",Conectado
420,General Cabrera,Juarez Celman,Córdoba,"-32,808836","-63,859931",Conectado
421,General Campos,San Salvador,Entre Ríos,"-31,52683333","-58,40852778",Conectado
422,General Conesa,Conesa,Rio Negro,"-40,10766667","-64,45175",Conectado
423,General Daniel Cerri,Bahia Blanca,Buenos Aires,"-38,715294","-62,402205",Conectado
424,General Enrique Mosconi,Gral.J. de San Martin,Salta,"-22,59518056","-63,80401944",Conectado
425,General Fotheringham,Tercero Arriba,Córdoba,"-32,32371182","-63,86801486",Conectado
426,General Galarza,Gualeguay,Entre Ríos,"-32,72915","-59,39337778",Conectado
427,General Juan Madariaga,General Madariaga,Buenos Aires,"-37,00547222","-57,11680556",Conectado
428,General La Madrid,General La Madrid,Buenos Aires,"-37,24506111","-61,25305833",Conectado
429,General Lagos,Rosario,Santa Fe,"-33,11492588","-60,56397786",Conectado
430,General Levalle,Presidente Roque Saenz Peña,Córdoba,"-34,00695","-63,9153",Conectado
431,General Paz,Colon,Córdoba,"-31,13606389","-64,14015",Conectado
432,General Racedo,Diamante,Entre Ríos,"-31,98536667","-60,40798333",Conectado
433,General Ramirez,Diamante,Entre Ríos,"-32,16919444","-60,19952778",Conectado
434,General Rivas,Suipacha,Buenos Aires,"-34,6082551","-59,74939136",Conectado
435,General Rodriguez,General Rodriguez,Buenos Aires,"-34,60744167","-58,96486944",Conectado
436,General Rojo,San Nicolas,Buenos Aires,"-33,466036","-60,284136",Conectado
437,General Vedia,Bermejo,Chaco,"-26,93564134","-58,66088071",Conectado
438,General Villegas,General Villegas,Buenos Aires,"-35,046734","-63,015294",Conectado
439,Gilbert,Gualeguaychu,Entre Ríos,"-32,537125","-58,93338056",Conectado
440,Gobernador Castro,San Pedro,Buenos Aires,"-33,66151389","-59,87133611",Conectado
441,Gobernador Costa,Tehuelches,Chubut,"-44,054711","-70,609203",Conectado
442,Gobernador Echague,Tala,Entre Ríos,"-32,39453333","-59,27514167",Conectado
443,Gobernador Febre,Nogoya,Entre Ríos,"-32,47481944","-59,91341944",Conectado
444,Gobernador Gregores,Rio Chico,Santa Cruz,"-48,749","-70,24986111",Conectado
445,Gobernador Lopez,Leandro N. Alem,Misiones,"-27,665374","-55,212966",Conectado
446,Gobernador Mansilla,Tala,Entre Ríos,"-32,54772222","-59,35452778",Conectado
447,Gobernador Sola,Tala,Entre Ríos,"-32,3375","-59,37033333",Conectado
448,Golondrina,Vera,Santa Fe,"-28,55613889","-60,02488889",Conectado
449,Gonzalez Moreno,Rivadavia,Buenos Aires,"-35,55708212","-63,38075156",Conectado
450,Gorostiaga,Chivilcoy,Buenos Aires,"-34,83892","-59,8672",Conectado
451,Gowland,Mercedes,Buenos Aires,"-34,654556","-59,3595",Conectado
452,Goya,Goya,Corrientes,"-29,16084185","-59,24927597",Conectado
453,Gramilla,Rio Hondo,Santiago del Estero,"-27,300475","-64,60953333",Conectado
454,Gran China,Jachal,San Juan,"-30,119466","-68,72957",Conectado
455,Gran Guardia,Formosa,Formosa,"-25,86412778","-58,88882778",Conectado
456,Granadero Baigorria,Rosario,Santa Fe,"-32,86964722","-60,69940833",Conectado
457,Granadero Gatica,Moreno,Santiago del Estero,"-26,87440556","-62,71571667",Conectado
458,Gualeguay,Gualeguay,Entre Ríos,"-33,13193611","-59,31715833",Conectado
459,Gualeguaychu,Gualeguaychu,Entre Ríos,"-33,01216944","-58,53351944",Conectado
460,Guamini,Guamini,Buenos Aires,"-37,01524167","-62,42320278",Conectado
461,Guandacol,Coronel Felipe Varela,La Rioja,"-29,52594722","-68,55403333",Conectado
462,Guardamonte,Tala,Entre Ríos,"-32,08483333","-59,30802778",Conectado
463,Guardia Escolta,Belgrano,Santiago del Estero,"-28,98586667","-62,12839444",Conectado
464,Guerrero,Dr. Manuel Belgrano,Jujuy,"-24,18575","-65,449944",Conectado
465,Guerrico,Pergamino,Buenos Aires,"-33,672828","-60,401365",Conectado
466,Hasenkamp,Parana,Entre Ríos,"-31,50705833","-59,83685556",Conectado
467,Hasse,Moreno,Santiago del Estero,"-27,0706","-62,64085556",Conectado
468,Henderson,Hipolito Yrigoyen,Buenos Aires,"-36,29738889","-61,72328611",Conectado
469,Hernan Mejia Miraval,2 de Abril,Santiago del Estero,"-27,17722222","-62,46916667",Conectado
470,Hernandez,Nogoya,Entre Ríos,"-32,33327778","-60,02527778",Conectado
471,Hernando Ciudad,Tercero Arriba,Córdoba,"-32,422836","-63,738783",Conectado
472,Hernando Silica,Tercero Arriba,Córdoba,"-32,55386667","-63,5985",Conectado
473,Herrera,Uruguay,Entre Ríos,"-32,43439167","-58,63621667",Conectado
474,Herrera Vegas,Hipolito Yrigoyen,Buenos Aires,"-36,086148","-61,408251",Conectado
475,Hersilia,San Cristobal,Santa Fe,"-30,00253791","-61,83776953",Conectado
476,Hickman,Gral. J. de San Martin,Salta,"-23,21189722","-63,56797222",Conectado
477,Hilario Ascasubi,Villarino,Buenos Aires,"-39,37578096","-62,64847398",Conectado
478,Hinojo ,Olavarria,Buenos Aires,"-36,865305","-60,160785",Conectado
479,Hipolito Yrigoyen (Iturbe),Humahuaca,Jujuy,"-22,97903611","-65,35296944",Conectado
480,Huacalera,Tilcara,Jujuy,"-23,43377778","-65,35138889",Conectado
481,Huaco,Jachal,San Juan,"-30,15745","-68,48480556",Conectado
482,Hualfin,Belen,Catamarca,"-27,223389","-66,833444",Conectado
483,Huancar,Susques,Jujuy,"-23,563375","-66,41061111",Conectado
484,Huaycama 1,Valle Viejo,Catamarca,"-28,513931","-65,672817",Conectado
485,Huillapima,Capayan,Catamarca,"-28,724342","-65,976894",Conectado
486,Humahuaca,Humahuaca,Jujuy,"-23,20077222","-65,35190833",Conectado
487,Humboldt,Las Colonias,Santa Fe,"-31,40010833","-61,08138056",Conectado
488,Huyamampa,Banda,Santiago del Estero,"-27,38525278","-64,29497222",Conectado
489,Ibarreta,Patiño,Formosa,"-25,21574167","-59,85787222",Conectado
490,Iltico,Chicligasta,Tucumán,"-27,33415","-65,643",Conectado
491,Ing. Guillermo N. Juarez,Matacos,Formosa,"-23,89759722","-61,85263333",Conectado
492,Ingeniero Forres,Robles,Santiago del Estero,"-27,87092778","-63,97148889",Conectado
493,Ingeniero Gustavo Andre,Lavalle,Mendoza,"-32,67673611","-68,31643611",Conectado
494,Ingeniero Jacobacci,25 de Mayo,Rio Negro,"-41,33452778","-69,53122222",Conectado
495,Ingeniero Miguel Sajaroff,Villaguay,Entre Ríos,"-31,95608333","-58,84758333",Conectado
496,Ingeniero Thompson,Tres Lomas,Buenos Aires,"-36,611728","-62,914335",Conectado
497,Intiyaco,Vera,Santa Fe,"-28,68022222","-60,06902778",Conectado
498,INVAP,Bariloche,Rio Negro,"-41,138025","-71,282162",Conectado
499,Irala,Bragado,Buenos Aires,"-34,7726194","-60,6908111",Conectado
500,Irazusta,Gualeguaychu,Entre Ríos,"-32,9275","-58,956",Conectado
501,Iriarte,General Pinto,Buenos Aires,"-34,41622778","-61,928475",Conectado
502,Ituzaingo,Ituzaingo,Corrientes,"-27,5852222","-56,69122222",Conectado
503,Jacipunco,Belen,Catamarca,"-27,242214","-67,005042",Conectado
504,Jaime Prats,San Rafael,Mendoza,"-34,91158611","-67,81687222",Conectado
505,Jesus Maria,Colon,Córdoba,"-30,9861498","-64,08999883",Conectado
506,Joaquin V. Gonzalez,Anta,Salta,"-25,12123889","-64,12917222",Conectado
507,Jocoli,Las Heras,Mendoza,"-32,581314","-68,665292",Conectado
508,Jorge Born Ex Tomas Jofre,Mercedes,Buenos Aires,"-34,70049972","-59,31645255",Conectado
509,Jose de San Martin,Tehuelches,Chubut,"-44,049031","-70,476822",Conectado
510,Josefina,Castellanos,Santa Fe,"-31,40432817","-61,99078971",Conectado
511,Juan A. de La Peña,Pergamino,Buenos Aires,"-33,830587","-60,487968",Conectado
512,Juan A. Pradere,Patagones,Buenos Aires,"-39,60130556","-62,65047222",Conectado
513,Juan Anchorena,Pergamino,Buenos Aires,"-33,925028","-60,382051",Conectado
514,Juan Bautista Alberdi,Leandro N. Alem,Buenos Aires,"-34,4379944","-61,8098167",Conectado
515,Juan Bautista Alberdi,Paclin,Tucumán,"-27,595528","-65,609583",Conectado
516,Juan Jorba,General Pedernera,San Luis,"-33,61403611","-65,27245278",Conectado
517,Juan Jose Paso,Pehuajo,Buenos Aires,"-35,85516231","-62,29805568",Conectado
518,Juan Pujol,Monte Caseros,Corrientes,"-30,41752222","-57,85645556",Conectado
519,Jubileo,Villaguay,Entre Ríos,"-31,73344444","-58,63352778",Conectado
520,Juella,Tilcara,Jujuy,"-23,513889","-65,411222",Conectado
521,Junin,Junin,Buenos Aires,"-34,56901944","-60,93161111",Conectado
522,Junin de Los Andes,Huiliches,Neuquén,"-39,94407778","-71,08159722",Conectado
523,Justo Daract,General Pedernera,San Luis,"-33,85925833","-65,18145278",Conectado
524,Kilometro 115,Vera,Santa Fe,"-28,82552778","-60,22394444",Conectado
525,Kilometro 658,Rio Primero,Córdoba,"-31,37046825","-63,53287555",Conectado
526,Koluel Kaike,Deseado,Santa Cruz,"-46,71786389","-68,21626389",Conectado
527,La Adela,Caleu Caleu,La Pampa,"-38,97763056","-64,10068611",Conectado
528,La Aurora,9 de Julio,Buenos Aires,"-35,408035","-61,207458",Conectado
529,La Aurora,Banda,Santiago del Estero,"-27,49713889","-64,23094444",Conectado
530,La Bajada,Paclin,Catamarca,"-28,381619","-65,620669",Conectado
531,La Banda,Banda,Santiago del Estero,"-27,75972222","-64,25972222",Conectado
532,La Buitrera,Picunches,Neuquén,"-38,55124167","-70,37182222",Conectado
533,La Cañada,Figueroa,Santiago del Estero,"-27,70979167","-63,77120556",Conectado
534,La Carolina,Rosario,Santa Fe,"-33,076256","-60,695633",Conectado
535,La Cocha,La Cocha,Tucumán,"-27,76618611","-65,58397222",Conectado
536,La Colina,General La Madrid,Buenos Aires,"-37,360116","-61,540074",Conectado
537,La Criolla,Concordia,Entre Ríos,"-31,26883333","-58,11322222",Conectado
538,La Darsena,Banda,Santiago del Estero,"-27,69827778","-64,28813889",Conectado
539,La Emilia,San Nicolas,Buenos Aires,"-33,353608","-60,313197",Conectado
540,La Escondida,General Donovan,Chaco,"-27,104167","-59,446389",Conectado
541,La Esperanza,San Pedro,Jujuy,"-24,227458","-64,841081",Conectado
542,La Francia,San Justo,Córdoba,"-31,40524167","-62,63394444",Conectado
543,La Gallareta,Vera,Santa Fe,"-29,58494167","-60,36773333",Conectado
544,La Gloria,Catrilo,La Pampa,"-36,50798056","-63,74058056",Conectado
545,La Intermedia,Yavi,Jujuy,"-22,42394444","-65,70186111",Conectado
546,La Leonesa GNA,Bermejo,Chaco,"-27,038889","-58,706944",Conectado
547,La Llave Nueva,San Rafael,Mendoza,"-34,63834912","-68,00339614",Conectado
548,La Luisa,Capitan Sarmiento,Buenos Aires,"-34,13006667","-59,93204167",Conectado
549,La Mendieta,San Pedro,Jujuy,"-24,31330786","-64,96585425",Conectado
550,La Merced,Paclin,Catamarca,"-28,153925","-65,660364",Conectado
551,La Paz,La Paz,Entre Ríos,"-30,73535","-59,63423611",Conectado
552,La Picada,Parana,Entre Ríos,"-31,72625","-60,29427778",Conectado
553,La Plata,La Plata,Buenos Aires,"-34,94259167","-57,97458056",Conectado
554,La Poma,La Poma,Salta,"-24,72485556","-66,20116389",Conectado
555,La Puntilla,Belen,Catamarca,"-27,68553545","-66,99396451",Conectado
556,La Quiaca,Yavi,Jujuy,"-22,10578611","-65,59119167",Conectado
557,La Reduccion,Lules,Tucumán,"-26,96237419","-65,35401505",Conectado
558,La Rica,Chivilcoy,Buenos Aires,"-34,97243244","-59,86162235",Conectado
559,La Rioja,Capital,La Rioja,"-29,42622778","-66,87326389",Conectado
560,La Rubia,San Cristobal,Santa Fe,"-30,1113388","-61,7928666",Conectado
561,La Sabana,Tapenaga,Chaco,"-27,871444","-59,938389",Conectado
562,La Torre - El Chiflon,Independencia,La Rioja,"-30,20471667","-67,60233056",Conectado
563,La Viña,Paclin,Catamarca,"-28,03724065","-65,59662627",Conectado
564,Laboulaye,Presidente Roque Saenz Peña,Córdoba,"-34,12267222","-63,39315278",Conectado
565,Lago Epuyen,Cushamen,Chubut,"-42,218335","-71,416638",Conectado
566,Lago Puelo,Cushamen,Chubut,"-42,02600217","-71,54626756",Conectado
567,Laguna Alsina,Guamini,Buenos Aires,"-36,807011","-62,250944",Conectado
568,Laguna Blanca,Libertad,Chaco,"-27,25429271","-59,23275471",Conectado
569,Laguna de Lobos,Lobos,Buenos Aires,"-35,274742","-59,134056",Conectado
570,Laguna del Pescado,Victoria,Entre Ríos,"-32,68591667","-60,01425",Conectado
571,Laguna Larga,Rio Segundo,Córdoba,"-31,77523889","-63,79956111",Conectado
572,Laguna Vitel,Chascomus,Buenos Aires,"-35,54325","-58,137444",Conectado
573,Laguna Yema,Bermejo,Formosa,"-24,25404167","-61,24861389",Conectado
574,Lapachito,General Donovan,Chaco,"-27,15928936","-59,38765397",Conectado
575,Laplacette,Junin,Buenos Aires,"-34,720701","-61,155771",Conectado
576,Laprida,Laprida,Buenos Aires,"-37,546806","-60,812333",Conectado
577,Laprida,Choya,Santiago del Estero,"-28,37824444","-64,52881111",Conectado
578,Larroque,Gualeguaychu,Entre Ríos,"-33,04352778","-58,99761111",Conectado
579,Las Armas,Maipu,Buenos Aires,"-37,0842","-57,827286",Conectado
580,Las Bajadas,Calamuchita,Córdoba,"-32,094729","-64,330916",Conectado
581,Las Catitas,Santa Rosa,Mendoza,"-33,30418333","-68,04661389",Conectado
582,Las Chacritas,9 de Julio,San Juan,"-31,598029","-68,397763",Conectado
583,Las Grutas,San Antonio,Rio Negro,"-40,80043611","-65,08338333",Conectado
584,Las Guachas,Tala,Entre Ríos,"-32,46772222","-59,17319444",Conectado
585,Las Lajas,Picunches,Neuquén,"-38,51986389","-70,36410278",Conectado
586,Las Lomitas,Patiño,Formosa,"-24,713175","-60,59307222",Conectado
587,Las Malvinas,San Rafael,Mendoza,"-34,83206389","-68,25136111",Conectado
588,Las Mojarras,Santa Maria,Catamarca,"-26,673578","-66,057472",Conectado
589,Las Moscas,Uruguay,Entre Ríos,"-32,09055556","-58,95808333",Conectado
590,Las Palmas,Bermejo,Chaco,"-27,049133","-58,681158",Conectado
591,Las Palmeras,San Cristobal,Santa Fe,"-30,62661111","-61,62716667",Conectado
592,Las Parejas,Belgrano,Santa Fe,"-32,67821667","-61,53201944",Conectado
593,Las Perdices,Tercero Arriba,Córdoba,"-32,69505","-63,6996",Conectado
594,Las Rosas,Belgrano,Santa Fe,"-32,48498056","-61,57552222",Conectado
595,Las Talas - Los Medanos,Caucete,San Juan,"-31,59445833","-68,27466944",Conectado
596,Las Toninas,La Costa,Buenos Aires,"-36,488492","-56,701869",Conectado
597,Las Vertientes,Rio Cuarto,Córdoba,"-33,286492","-64,580719",Conectado
598,Las Violetas,Lavalle,Mendoza,"-32,82000278","-68,60543889",Conectado
599,Lavalle,Lavalle,Corrientes,"-29,02874688","-59,178505",Conectado
600,Lazzarino,General Lopez,Santa Fe,"-34,165172","-62,42931",Conectado
601,Leandro N Alem,Leandro N. Alem,Buenos Aires,"-34,5226194","-61,3909916",Conectado
602,Leandro N. Alem,Leandro N. Alem,Misiones,"-27,60495","-55,32146667",Conectado
603,Lehmann,Castellanos,Santa Fe,"-31,12332222","-61,44971944",Conectado
604,Leon,Dr. Manuel Belgrano,Jujuy,"-24,03205","-65,432983",Conectado
605,Leones,Marcos Juarez,Córdoba,"-32,67161389","-62,314725",Conectado
606,Libaros,Uruguay,Entre Ríos,"-32,26019395","-58,90904752",Conectado
607,Libertador General San Martin,Ledesma,Jujuy,"-23,81651944","-64,79873889",Conectado
608,Lima,Zarate,Buenos Aires,"-34,04135041","-59,19685753",Conectado
609,Lincoln,Lincoln,Buenos Aires,"-34,868833","-61,5125",Conectado
610,Liviara,Rinconada,Jujuy,"-22,51994011","-66,33756891",Conectado
611,Lobos,Lobos,Buenos Aires,"-35,19045","-59,082083",Conectado
612,Logroño,9 de Julio,Santa Fe,"-29,50286111","-61,69683333",Conectado
613,Lomas del Rio Lujan,Campana,Buenos Aires,"-34,281169","-58,891861",Conectado
614,Londres,Belen,Catamarca,"-27,716881","-67,139125",Conectado
615,Lonquimay,Catrilo,La Pampa,"-36,46733611","-63,6236",Conectado
616,Lopez,Benito Juarez,Buenos Aires,"-37,552344","-59,628589",Conectado
617,Lopez Lecube,Puan,Buenos Aires,"-38,117941","-62,725311",Conectado
618,Loro Huasi,Santa Maria,Catamarca,"-26,736158","-66,053408",Conectado
619,Los Amores,Vera,Santa Fe,"-28,10011111","-59,97966667",Conectado
620,Los Angeles,Chacabuco,Buenos Aires,"-34,45546","-60,17889",Conectado
621,Los Blancos,Rivadavia,Salta,"-23,60638333","-62,59499167",Conectado
622,Los Cardozos,Capital,Santiago del Estero,"-27,93183221","-64,19102208",Conectado
623,Los Catutos,Zapala,Neuquén,"-38,83679051","-70,19519292",Conectado
624,Los Charruas,Concordia,Entre Ríos,"-31,16891667","-58,18538889",Conectado
625,Los Condores,Calamuchita,Córdoba,"-32,32466742","-64,28291828",Conectado
626,Los Conquistadores,Federacion,Entre Ríos,"-30,58986111","-58,46502778",Conectado
627,Los Frentones,Almirante Brown,Chaco,"-26,41154656","-61,40874265",Conectado
628,Los Helechos,Obera,Misiones,"-27,556114","-55,076642",Conectado
629,Los Menucos,25 de Mayo,Rio Negro,"-40,84488056","-68,09294167",Conectado
630,Los Molinos,Capital,Santa Fe,"-33,10555556","-61,33027778",Conectado
631,Los Molinos.,Calamuchita,Córdoba,"-31,854925","-64,37757778",Conectado
632,Los Nacimientos,Belen,Catamarca,"-27,165444","-66,7355",Conectado
633,Los Nuñez cambia por Concepcion,Rio Hondo,Santiago del Estero,"-27,53529167","-64,52753333",Conectado
634,Los Pinos,Balcarce,Buenos Aires,"-37,943169","-58,324894",Conectado
635,Los Pirpintos,Copo,Santiago del Estero,"-26,13309167","-62,07295556",Conectado
636,Los Pozos,Ischilin,Córdoba,"-30,51999444","-64,253675",Conectado
637,Los Pumas,Vera,Santa Fe,"-29,263925","-61,0172194",Conectado
638,Los Quiroga,Banda,Santiago del Estero,"-27,65276389","-64,35201944",Conectado
639,Los Ralos,Cruz Alta,Tucumán,"-26,88589006","-65,007946",Conectado
640,Los Sarmientos,Rio Chico,Tucumán,"-27,41372087","-65,69543989",Conectado
641,Los Soria,Banda,Santiago del Estero,"-27,61852778","-64,37547222",Conectado
642,Los Tigres,Copo,Santiago del Estero,"-25,90975556","-62,59420556",Conectado
643,Los Toldos,General Viamonte,Buenos Aires,"-35,001583","-61,040231",Conectado
644,Los Zazos,Tafi del Valle,Tucumán,"-26,62228333","-65,87195556",Conectado
645,Loventue,Loventue,La Pampa,"-36,18857778","-65,29173611",Conectado
646,Lozada,Santa Maria,Córdoba,"-31,64772778","-64,09054167",Conectado
647,Lozano,Dr. Manuel Belgrano,Jujuy,"-24,09147206","-65,4043023",Conectado
648,Luan Toro,Loventue,La Pampa,"-36,20550833","-65,09892222",Conectado
649,Lucas Gonzalez,Nogoya,Entre Ríos,"-32,38880556","-59,52877222",Conectado
650,Lucas Monteverde,25 de Mayo,Buenos Aires,"-35,485103","-59,989922",Conectado
651,Lucio V Mansilla,Tulumba,Córdoba,"-29,802278","-64,708222",Conectado
652,Lujan,Lujan,Buenos Aires,"-34,579061","-59,109503",Conectado
653,Macia,Tala,Entre Ríos,"-32,17038889","-59,39627778",Conectado
654,Maciel,San Jeronimo,Santa Fe,"-32,46122222","-60,89463889",Conectado
655,Magdala,Pehuajo,Buenos Aires,"-36,08532","-61,722633",Conectado
656,Maimara,Tilcara,Jujuy,"-23,635","-65,413889",Conectado
657,Makalle,General Donovan,Chaco,"-27,20838007","-59,28647758",Conectado
658,Malargüe,Malargüe,Mendoza,"-35,46592778","-69,58894722",Conectado
659,Malena,Rio Cuarto,Córdoba,"-33,49053014","-64,43718517",Conectado
660,Manfredi,Rio Segundo,Córdoba,"-31,846425","-63,74310833",Conectado
661,Manuel Ocampo,Pergamino,Buenos Aires,"-33,765386","-60,650369",Conectado
662,Maquinchao,25 de Mayo,Rio Negro,"-41,25723889","-68,70060278",Conectado
663,Mar Azul,Villa Gesell,Buenos Aires,"-37,33247155","-57,04112503",Conectado
664,Mar Chiquita,Mar Chiquita,Buenos Aires,"-37,742686","-57,433025",Conectado
665,Mar de Cobo,Mar Chiquita,Buenos Aires,"-37,773969","-57,453917",Conectado
666,Mar del Plata,General Pueyrredon,Buenos Aires,"-37,9973778","-57,5503917",Conectado
667,Marayes,Caucete,San Juan,"-31,46315","-67,3507833",Conectado
668,Marcelino Ugarte,9 de Julio,Buenos Aires,"-35,351789","-60,745025",Conectado
669,Marcos Juarez,Marcos Juarez,Córdoba,"-32,692886","-62,089983",Conectado
670,Marcos Paz Silica,Marcos Paz,Buenos Aires,"-34,85748611","-58,89065",Conectado
671,Margarita,Vera,Santa Fe,"-29,69028596","-60,24795493",Conectado
672,Maria Grande,Parana,Entre Ríos,"-31,66416389","-59,89933611",Conectado
673,Mariano Benitez,Pergamino,Buenos Aires,"-33,70775","-60,584667",Conectado
674,Mariano H. Alfonso,Pergamino,Buenos Aires,"-33,91575","-60,836028",Conectado
675,Mariano Moreno,Zapala,Neuquén,"-38,759059","-70,036807",Conectado
676,Matara,Juan F. Ibarra,Santiago del Estero,"-28,11147222","-63,19130556",Conectado
677,Mayor Buratovich,Villarino,Buenos Aires,"-39,26159167","-62,61654722",Conectado
678,Mendoza,Capital,Mendoza,"-32,88315278","-68,828325",Conectado
679,Mendoza.,Capital,Mendoza,"-32,88315278","-68,828325",Conectado
680,Mercedes,Mercedes,Buenos Aires,"-34,675156","-59,440553",Conectado
681,Milagro,General Ocampo,La Rioja,"-31,00827778","-65,99105833",Conectado
682,Ministerio de Modernizacion,Ciudad de Buenos Aires,Capital Federal,"-34,60133333","-58,37766667",Conectado
683,Ministro Ramos Mexia,9 de Julio,Rio Negro,"-40,5077","-67,26141111",Conectado
684,Miraflores,Capayan,Catamarca,"-28,5979916","-65,9039055",Conectado
685,Miraflores.,San Pedro,Jujuy,"-24,22513889","-64,82227778",Conectado
686,Misarrumi,Rinconada,Jujuy,"-22,25944444","-66,36722222",Conectado
687,Mision Chaqueña,Gral.J. de San Martin,Salta,"-23,25973333","-63,74334167",Conectado
688,Mision Km 6,Gral.J. de San Martin,Salta,"-22,51030556","-63,75091667",Conectado
689,Mocoreta,Monte Caseros,Corrientes,"-30,61536111","-57,97052778",Conectado
690,Moises Ville,San Cristobal,Santa Fe,"-30,72083333","-61,47138889",Conectado
691,Molinos,Molinos,Salta,"-25,43830556","-66,29777778",Conectado
692,Monigotes,San Cristobal,Santa Fe,"-30,49183333","-61,633875",Conectado
693,Monje,San Jeronimo,Santa Fe,"-32,35336111","-60,94336111",Conectado
694,Monte Coman,San Rafael,Mendoza,"-34,59046944","-67,87996111",Conectado
695,Monte de Los Gauchos,Rio Cuarto,Córdoba,"-33,63819444","-63,89060278",Conectado
696,Monte Flores (Barrio Don Manuel),Rosario,Santa Fe,"-33,0800074","-60,63552267",Conectado
697,Monte Potrero,Paclin,Catamarca,"-28,180058","-65,662561",Conectado
698,Monte Quemado,Copo,Santiago del Estero,"-25,81192778","-62,82836667",Conectado
699,Monte Ralo,Santa Maria,Córdoba,"-31,908533","-64,241408",Conectado
700,Montefiore,9 de Julio,Santa Fe,"-29,66583333","-61,86602778",Conectado
701,Monteros,Monteros,Tucumán,"-27,16946944","-65,48888056",Conectado
702,Morrison,Union,Córdoba,"-32,58661944","-62,83454722",Conectado
703,Morse,Junin,Buenos Aires,"-34,758847","-60,840369",Conectado
704,Nahuel Niyeu,Valcheta,Rio Negro,"-40,50434","-66,56407",Conectado
705,Napaleufu,Balcarce,Buenos Aires,"-37,628944","-58,747564",Conectado
706,Napalpi,25 de Mayo,Chaco,"-26,900689","-60,130147",Conectado
707,Navarro,Navarro,Buenos Aires,"-35,008928","-59,281853",Conectado
708,Neuquen,Confluencia,Neuquén,"-38,94485833","-68,07859444",Conectado
709,Neuquen.,Confluencia,Neuquén,"-38,94485833","-68,07859444",Conectado
710,Niquivil,Jachal,San Juan,"-30,399325","-68,696114",Conectado
711,Nogoya,Nogoya,Entre Ríos,"-32,39550833","-59,78256944",Conectado
712,Nonogasta,Chilecito,La Rioja,"-29,301745","-67,506733",Conectado
713,Nuestra Señora de Talavera,Anta,Salta,"-25,45956389","-63,77564167",Conectado
714,Nueva Esperanza,Pellegrini,Santiago del Estero,"-26,19946626","-64,23832917",Conectado
715,Nueva Francia,Silipica,Santiago del Estero,"-28,180472","-64,198139",Conectado
716,Nueva Lehmann,Castellanos,Santa Fe,"-31,11754167","-61,51331944",Conectado
717,Nueva Plata,Pehuajo,Buenos Aires,"-35,92114","-61,810266",Conectado
718,Nueva Vizcaya,Federal,Entre Ríos,"-30,96779722","-58,61166389",Conectado
719,Nuevo Pirquitas,Rinconada,Jujuy,"-22,68759167","-66,45585278",Conectado
720,Nuevo Torino,Las Colonias,Santa Fe,"-31,34305556","-61,23450833",Conectado
721,Obera,Obera,Misiones,"-27,50046944","-55,10926667",Conectado
722,OHiggins,Chacabuco,Buenos Aires,"-34,5838","-60,703739",Conectado
723,Olavarria,Olavarria,Buenos Aires,"-36,885419","-60,309583",Conectado
724,Olegario V. Andrade,Leandro N. Alem,Misiones,"-27,5701873","-55,50246352",Conectado
725,Oliva,Tercero Arriba,Córdoba,"-32,03630964","-63,57058285",Conectado
726,Olivera,Lujan,Buenos Aires,"-34,627317","-59,2554",Conectado
727,Oliveros,Iriondo,Santa Fe,"-32,57426794","-60,85550496",Conectado
728,Oncativo,Rio Segundo,Córdoba,"-31,909667","-63,681028",Conectado
729,Open Door,Lujan,Buenos Aires,"-34,490486","-59,074358",Conectado
730,Oratorio,Santa Catalina,Jujuy,"-22,09944444","-66,13144444",Conectado
731,Oro Verde,Parana,Entre Ríos,"-31,82996111","-60,52098889",Conectado
732,Orosmayo,Rinconada,Jujuy,"-22,55599471","-66,35617537",Conectado
733,Osvaldo Magnasco,Concordia,Entre Ríos,"-31,313333","-58,059833",Conectado
734,Otumpa,,Santiago del Estero,"-27,32805556","-62,22638889",Conectado
735,Padre Lozano,Gral.J. de San Martin,Salta,"-23,21851111","-63,8470944",Conectado
736,Paicone,Santa Catalina,Jujuy,"-22,21833333","-66,42425",Conectado
737,Palacios,San Cristobal,Santa Fe,"-30,70794444","-61,62102778",Conectado
738,Palo Labrado,Paclin,Catamarca,"-28,318328","-65,619367",Conectado
739,Palos Blancos,San Pedro,Jujuy,"-24,32739444","-64,94674722",Conectado
740,Palpala,Palpala,Jujuy,"-24,25867778","-65,21231667",Conectado
741,Pampa de Los Guanacos,Copo,Santiago del Estero,"-26,23570407","-61,82960481",Conectado
742,Pampa del Infierno,Almirante Brown,Chaco,"-26,50404704","-61,17636214",Conectado
743,Pampa Vieja,Jachal,San Juan,"-30,2005666","-68,6842166",Conectado
744,Parada Labougle,Monte Caseros,Corrientes,"-30,317325","-57,72999444",Conectado
745,Parada Pucheta,Paso de Los Libres,Corrientes,"-29,9053454","-57,57436935",Conectado
746,Paraiso,San Pedro,Misiones,"-26,68960267","-54,20445177",Conectado
747,Paraje 29,Vera,Santa Fe,"-29,10313889","-60,23638889",Conectado
748,Paraje Cochico,General Alvear,Mendoza,"-35,71336111","-67,33101944",Conectado
749,Paraje La Virgen,Diamante,Entre Ríos,"-31,91578987","-60,6517239",Conectado
750,Paraje Pavon ,General Lavalle,Buenos Aires,"-36,712594","-56,732797",Conectado
751,Parana,Parana,Entre Ríos,"-31,74019722","-60,53439167",Conectado
752,Parapeti,San Pedro,Jujuy,"-24,237603","-64,846572",Conectado
753,Parque Norte - Ciudad de Los Nidos - Vil,Colon,Córdoba,"-31,29548889","-64,17578333",Conectado
754,Paso de La Laguna,Villaguay,Entre Ríos,"-31,80158333","-59,15913889",Conectado
755,Paso Viejo,Cruz del Eje,Córdoba,"-30,76697778","-65,19025",Conectado
756,Pastos Chicos,Susques,Jujuy,"-23,76453333","-66,43937222",Conectado
757,Patquia,Independencia,La Rioja,"-30,04453611","-66,87872222",Conectado
758,Patricios,9 de Julio,Buenos Aires,"-35,439027","-60,716524",Conectado
759,Pavon,Constitucion,Santa Fe,"-33,24199722","-60,40548333",Conectado
760,Pavon Arriba,Constitucion,Santa Fe,"-33,31085","-60,82685556",Conectado
761,Payogasta,Cachi,Salta,"-25,04851389","-66,09693333",Conectado
762,Pedro Luro,Villarino,Buenos Aires,"-39,502842","-62,680856",Conectado
763,Pehuajo,Pehuajo,Buenos Aires,"-35,808664","-61,886181",Conectado
764,Pellegrini,Pellegrini,Buenos Aires,"-36,270811","-63,157499",Conectado
765,Pergamino,Pergamino,Buenos Aires,"-33,860639","-60,571472",Conectado
766,Pergamino.,Pergamino,Buenos Aires,"-33,860639","-60,571472",Conectado
767,Perico,El Carmen,Jujuy,"-24,37549722","-65,11528333",Conectado
768,Perito Moreno,Lago Buenos Aires,Santa Cruz,"-46,58978493","-70,91364732",Conectado
769,Peru,Guatrache,La Pampa,"-37,66251111","-64,13435",Conectado
770,Peyrano,Constitucion,Santa Fe,"-33,5373472","-60,7986833",Conectado
771,Pichanal,Oran,Salta,"-23,32434722","-64,22527778",Conectado
772,Pico Truncado,Deseado,Santa Cruz,"-46,79236389","-67,94566667",Conectado
773,Picun Leufu,Picun Leufu,Neuquén,"-39,51803056","-69,29345833",Conectado
774,Piedra del Aguila,Collon Cura,Neuquén,"-40,047225","-70,07202778",Conectado
775,Piedritas,General Villegas,Buenos Aires,"-34,774083","-62,983417",Conectado
776,Pigüe,Saavedra,Buenos Aires,"-37,604389","-62,410028",Conectado
777,Pilar,Rio Segundo,Córdoba,"-31,68173889","-63,88044444",Conectado
778,Pilar (Muzilli 1238),Pilar,Buenos Aires,"-34,458664","-58,8661",Conectado
779,Pilcaniyeu,Pilcaniyeu,Rio Negro,"-41,12064444","-70,71484722",Conectado
780,Pinamar,Pinamar,Buenos Aires,"-37,117656","-56,896778",Conectado
781,Piñalito Sur,San Pedro,Misiones,"-26,42727778","-53,84386111",Conectado
782,Piquirenda,Gral.J. de San Martin,Salta,"-22,32455298","-63,7527204",Conectado
783,Pirane,Pirane,Formosa,"-25,73036389","-59,10506944",Conectado
784,Pituil,Famatina,La Rioja,"-28,57608322","-67,44584245",Conectado
785,Plaza Clucellas,Castellanos,Santa Fe,"-31,45186593","-61,70500953",Conectado
786,Plaza Huincul,Confluencia,Neuquén,"-38,932112","-69,192562",Conectado
787,Plaza Saguier,Castellanos,Santa Fe,"-31,32531944","-61,66778056",Conectado
788,Pluma de Pato,Rivadavia,Salta,"-23,37218333","-63,09787778",Conectado
789,Polco,Chamical,La Rioja,"-30,419179","-66,346274",Conectado
790,Posadas,Capital,Misiones,"-27,43091389","-55,890025",Conectado
791,Pozo de los Indios,Vera,Santa Fe,"-28,94222222","-60,24888889",Conectado
792,Pozo Hondo,Jimenez,Santiago del Estero,"-27,16297222","-64,49022222",Conectado
793,Pozuelos,Rio Hondo,Santiago del Estero,"-27,30719444","-64,75613611",Conectado
794,Presidencia de La Plaza,Presidencia de La Plaza,Chaco,"-27,004389","-59,834389",Conectado
795,Presidencia Roque Saenz Peña,Comandante Fernandez,Chaco,"-26,79169444","-60,42769722",Conectado
796,Presidente Roca,Castellanos,Santa Fe,"-31,2091638","-61,61405",Conectado
797,Profesor Salvador Mazza,Gral.J. de San Martin,Salta,"-22,05193889","-63,68585833",Conectado
798,Puan,Puan,Buenos Aires,"-37,549146","-62,768711",Conectado
799,Pueblo Bellocq _Las Garzas,La Paz,Entre Ríos,"-31,42843333","-59,745075",Conectado
800,Pueblo Gouin,Carmen de Areco,Buenos Aires,"-34,49266","-59,80441",Conectado
801,Pueblo Independencia,Monteros,Tucumán,"-27,21913056","-65,52531389",Conectado
802,Pueblo Santa Lucia,Vera,Santa Fe,"-29,2828833","-60,4022583",Conectado
803,Pueblo Uranga,Rosario,Santa Fe,"-33,26216111","-60,704975",Conectado
804,Puelen,Puelen,La Pampa,"-37,34538333","-67,62198333",Conectado
805,Puente Lavayen,Santa Barbara,Jujuy,"-24,273311","-64,706158",Conectado
806,Puerta de Corral Quemado,Belen,Catamarca,"-27,225836","-66,922222",Conectado
807,Puerta de San Jose,Belen,Catamarca,"-27,548972","-67,004678",Conectado
808,Puerto Bermejo Nuevo,Bermejo,Chaco,"-26,907944","-58,54475",Conectado
809,Puerto Bermejo Viejo,Bermejo,Chaco,"-26,928028","-58,509333",Conectado
810,Puerto Eva Peron,Bermejo,Chaco,"-26,66416111","-58,63248333",Conectado
811,Puerto General San Martin,San Lorenzo,Santa Fe,"-32,71692","-60,730815",Conectado
812,Puerto Iguazu,Iguazu,Misiones,"-25,61106389","-54,56454444",Conectado
813,Puerto Ruiz,Gualeguay,Entre Ríos,"-33,22122222","-59,36337222",Conectado
814,Puesto de San Antonio,Capital,Santiago del Estero,"-27,66358056","-64,37835278",Conectado
815,Puesto Sey,Susques,Jujuy,"-23,94695556","-66,48796111",Conectado
816,Pumahuasi,Yavi,Jujuy,"-22,28788889","-65,68019444",Conectado
817,Punta de Balasto,Santa Maria,Catamarca,"-26,952478","-66,134342",Conectado
818,Punta de Los Llanos,General Angel V. Peñaloza,La Rioja,"-30,15361111","-66,54430556",Conectado
819,Purmamarca,Tumbaya,Jujuy,"-23,74052778","-65,50566667",Conectado
820,Quilino,Ischilin,Córdoba,"-30,21365341","-64,49597644",Conectado
821,Quimili,Moreno,Santiago del Estero,"-27,64094276","-62,41963553",Conectado
822,Quiros,La Paz,Catamarca,"-28,785864","-65,111003",Conectado
823,Rafael Garcia,Santa Maria,Córdoba,"-31,64705556","-64,25920556",Conectado
824,Rafael Obligado,Rojas,Buenos Aires,"-34,355977","-60,782604",Conectado
825,Rafaela,Castellanos,Santa Fe,"-31,22596396","-61,46998592",Conectado
826,Ramallo,Ramallo,Buenos Aires,"-33,49335833","-60,01433611",Conectado
827,Rancagua,Pergamino,Buenos Aires,"-34,030475","-60,501369",Conectado
828,Ranchillos,Cruz Alta,Tucumán,"-26,95306389","-65,04755556",Conectado
829,Ranchos,General Paz,Buenos Aires,"-35,519417","-58,309639",Conectado
830,Ranquil Norte,Malargüe,Mendoza,"-36,65908056","-69,83281389",Conectado
831,Rapelli,Pellegrini,Santiago del Estero,"-26,39255556","-64,5035",Conectado
832,Rauch,Rauch,Buenos Aires,"-36,775611","-59,077289",Conectado
833,Rawson.,Chacabuco,Buenos Aires,"-34,60525","-60,06969",Conectado
834,Real del Padre,San Rafael,Mendoza,"-34,84021667","-67,76325833",Conectado
835,Recreo,La Paz,Catamarca,"-29,28636474","-65,05546149",Conectado
836,Resistencia,San Fernando,Chaco,"-27,45595","-58,987239",Conectado
837,Riacho Negro,Pilcomayo,Formosa,"-25,424575","-57,79273333",Conectado
838,Riachuelo,Capital,Corrientes,"-27,58302368","-58,74638889",Conectado
839,Rincon de Nogoya,Victoria,Entre Ríos,"-32,78113889","-59,90544444",Conectado
840,Rio Chico,Rio Chico,Tucumán,"-27,481","-65,62085",Conectado
841,Rio Colorado,Pichi Mahuida,Rio Negro,"-38,983275","-64,10394722",Conectado
842,Rio Colorado,Leales,Tucumán,"-27,1501","-65,35580556",Conectado
843,Rio Cuarto,Rio Cuarto,Córdoba,"-33,10645278","-64,38693056",Conectado
844,Rio Gallegos,Güer Aike,Santa Cruz,"-51,6240333","-69,23635",Conectado
845,Rio Mayo,Rio Senguer,Chubut,"-45,691042","-70,249681",Conectado
846,Rio Primero,Rio Primero,Córdoba,"-31,334806","-63,621111",Conectado
847,Rio Seco,Monteros,Tucumán,"-27,26566886","-65,5490522",Conectado
848,Rio Tala,San Pedro,Buenos Aires,"-33,76966086","-59,63911192",Conectado
849,Rio Tercero,Tercero Arriba,Córdoba,"-32,17153489","-64,09687002",Conectado
850,Rio Villegas,Bariloche,Rio Negro,"-41,57824722","-71,50090833",Conectado
851,Rivera,Adolfo Alsina,Buenos Aires,"-37,155926","-63,244268",Conectado
852,Rocamora,Uruguay,Entre Ríos,"-32,34185556","-58,96866667",Conectado
853,Rodeito,San Pedro,Jujuy,"-24,27088333","-64,76883611",Conectado
854,Rojas,Rojas,Buenos Aires,"-34,208253","-60,72754",Conectado
855,Roldan,San Lorenzo,Santa Fe,"-32,89935","-60,91151667",Conectado
856,Roque Perez,Roque Perez,Buenos Aires,"-35,401994","-59,340283",Conectado
857,Rosales,Presidente Roque Saenz Peña,Córdoba,"-34,17432009","-63,15289388",Conectado
858,Rosario,Rosario,Santa Fe,"-33,014162","-60,629902",Conectado
859,Rosario,Rosario,Santa Fe,"-33,014162","-60,629902",Conectado
860,Rosario de Rio Grande,San Pedro,Jujuy,"-24,30761111","-64,93117778",Conectado
861,Rosario del Tala,Tala,Entre Ríos,"-32,3029444","-59,1311333",Conectado
862,Roversi,Moreno,Santiago del Estero,"-27,59288611","-61,94683333",Conectado
863,Rufino,General Lopez,Santa Fe,"-34,26319444","-62,70952778",Conectado
864,Rumi Punco,La Cocha,Tucumán,"-27,98310923","-65,57053452",Conectado
865,Saavedra,Saavedra,Buenos Aires,"-37,762572","-62,347044",Conectado
866,Saforcada,Junin,Buenos Aires,"-34,577542","-61,075861",Conectado
867,Saladillo,Saladillo,Buenos Aires,"-35,634893","-59,786639",Conectado
868,Salliquelo,Salliquelo,Buenos Aires,"-36,751767","-62,9604",Conectado
869,Salto,Salto,Buenos Aires,"-34,30625","-60,246444",Conectado
870,Salto Encantado,Cainguas,Misiones,"-27,08553889","-54,83634444",Conectado
871,Salvador Maria,Lobos,Buenos Aires,"-35,300167","-59,172833",Conectado
872,Sampacho,Rio Cuarto,Córdoba,"-33,38741389","-64,73015833",Conectado
873,Sampacho Silica,Sampacho,Córdoba,,,Conectado
874,San Agustin,Calamuchita,Córdoba,"-31,97598444","-64,37764921",Conectado
875,San Andres de Giles,San Andres de Giles,Buenos Aires,"-34,447194","-59,441972",Conectado
876,San Antonio,San Pedro,Jujuy,"-24,2181","-64,8061",Conectado
877,San Antonio,Gral. Manuel Belgrano,Misiones,"-26,055283","-53,736302",Conectado
878,San Antonio de Areco,San Antonio de Areco,Buenos Aires,"-34,242144","-59,474158",Conectado
879,San Antonio de Los Cobres,Los Andes,Salta,"-24,21747653","-66,31704704",Conectado
880,San Antonio Oeste,San Antonio,Rio Negro,"-40,72936667","-64,95979444",Conectado
881,San Basilio,Rio Cuarto,Córdoba,"-33,49868","-64,312453",Conectado
882,San Benito,Parana,Entre Ríos,"-31,77920581","-60,44202472",Conectado
883,San Carlos,Ituzaingo,Corrientes,"-27,74446944","-55,90027778",Conectado
884,San Carlos,San Carlos,Salta,"-25,893781","-65,93025",Conectado
885,San Carlos ,San Carlos,Mendoza,"-33,7712","-69,04103889",Conectado
886,San Carlos de Bariloche,Bariloche,Rio Negro,"-41,13321389","-71,2771",Conectado
887,San Carlos de Bolivar,Bolivar,Buenos Aires,"-36,23825153","-61,12312154",Conectado
888,San Fabian,San Jeronimo,Santa Fe,"-32,13619444","-60,98194444",Conectado
889,San Francisco,San Justo,Córdoba,"-31,42003889","-62,109325",Conectado
890,San Gregorio,General Lopez,Santa Fe,"-34,323481","-62,036482",Conectado
891,San Gustavo,La Paz,Entre Ríos,"-30,68958333","-59,39372222",Conectado
892,San Isidro ,Jachal,San Juan,"-30,14337529","-68,70398717",Conectado
893,San Isidro de Lules,Lules,Tucumán,"-26,916075","-65,33484444",Conectado
894,San Jaime de la Frontera,Federacion,Entre Ríos,"-30,34036111","-58,31655556",Conectado
895,San Javier,Adolfo Alsina,Rio Negro,"-40,75176944","-63,26638611",Conectado
896,San Jeronimo Sud,San Lorenzo,Santa Fe,"-32,878485","-61,02797022",Conectado
897,San Jose,Apostoles,Misiones,"-27,7686277","-55,7797916",Conectado
898,San Jose ,Coronel Suarez,Buenos Aires,"-37,50651014","-61,92107029",Conectado
899,San Jose de Feliciano,Feliciano,Entre Ríos,"-30,38419444","-58,75016667",Conectado
900,San Jose de Jachal,Jachal,San Juan,"-30,23394444","-68,747",Conectado
901,San Jose de La Cocha,La Cocha,Tucumán,"-27,73188611","-65,58468333",Conectado
902,San Jose de Las Salinas,Tulumba,Córdoba,"-30,00833744","-64,62203346",Conectado
903,San Jose Villa,Santa Maria,Catamarca,"-26,805606","-66,072725",Conectado
904,San Juan,Capital,San Juan,"-31,5172388","-68,5119083",Conectado
905,San Juan de Oros,Santa Catalina,Jujuy,"-22,22538333","-66,24793333",Conectado
906,San Lorenzo,Saladas,Corrientes,"-28,13557222","-58,76494444",Conectado
907,San Lorenzo,San Lorenzo,Santa Fe,"-32,74825833","-60,73253333",Conectado
908,San Lucas,San Pedro,Jujuy,"-24,26747222","-64,86437222",Conectado
909,San Luis,Juan Martin de Pueyrredon,San Luis,"-33,295528","-66,286983",Conectado
910,San Marcos Sud,Union,Córdoba,"-32,63026944","-62,48245",Conectado
911,San Martin de Los Andes,Lacar,Neuquén,"-40,15097222","-71,322375",Conectado
912,San Miguel de Tucuman,Capital,Tucumán,"-26,843875","-65,2299888",Conectado
913,San Miguel de Tucuman.,Capital,Tucumán,"-26,84388056","-65,230025",Conectado
914,San Miguel del Monte,Monte,Buenos Aires,"-35,447556","-58,81475",Conectado
915,San Nicolas,Chilecito,La Rioja,"-29,117936","-67,473299",Conectado
916,San Nicolas de Los Arroyos,San Nicolas,Buenos Aires,"-33,338883","-60,200961",Conectado
917,San Pedro,San Pedro,Misiones,"-26,62591667","-54,11433333",Conectado
918,San Pedro de Jujuy,San Pedro,Jujuy,"-24,23869444","-64,86322222",Conectado
919,San Pedro GNA,,Jujuy,"-24,260833","-64,9",Conectado
920,San Rafael,San Rafael,Mendoza,"-34,63154722","-68,34384722",Conectado
921,San Rafael.,San Rafael,Mendoza,"-34,63154722","-68,34384722",Conectado
922,San Ramon de La Nueva Oran,Oran,Salta,"-23,15741389","-64,33233333",Conectado
923,San Salvador,San Salvador,Entre Ríos,"-31,62430556","-58,51511111",Conectado
924,San Salvador de Jujuy,Dr. Manuel Belgrano,Jujuy,"-24,17875833","-65,32754167",Conectado
925,San Sebastian,Chivilcoy,Buenos Aires,"-34,9434722","-59,7043055",Conectado
926,San Vicente,Guarani,Misiones,"-26,99398333","-54,4873",Conectado
927,San Vicente ,San Vicente,Buenos Aires,"-35,026691","-58,434686",Conectado
928,San Victor,Feliciano,Entre Ríos,"-30,489175","-59,03319444",Conectado
929,Sancti Spiritu,General Lopez,Santa Fe,"-34,00811111","-62,23886667",Conectado
930,Santa Ana,Rio Chico,Tucumán,"-27,47348333","-65,68586111",Conectado
931,Santa Anita,Uruguay,Entre Ríos,"-32,17932151","-58,78968283",Conectado
932,Santa Catalina,Rio Cuarto,Córdoba,"-33,207175","-64,433314",Conectado
933,Santa Catalina,Santa Catalina,Jujuy,"-21,94499444","-66,05135278",Conectado
934,Santa Clara del Mar,Mar Chiquita,Buenos Aires,"-37,842042","-57,507356",Conectado
935,Santa Cruz,Valle Viejo,Catamarca,"-28,500486","-65,668192",Conectado
936,Santa Fe,Capital,Santa Fe,"-31,64006944","-60,66738889",Conectado
937,Santa Fe.,Capital,Santa Fe,"-31,64006944","-60,66738889",Conectado
938,Santa Florentina,Chilecito,La Rioja,"-29,130618","-67,555754",Conectado
939,Santa Isabel,Chalileo,La Pampa,"-36,232875","-66,93588889",Conectado
940,Santa Lucia,Monteros,Tucumán,"-27,095375","-65,53571111",Conectado
941,Santa Lucia.,Lavalle,Corrientes,"-28,97436783","-59,0988896",Conectado
942,Santa Maria,Santa Maria,Catamarca,"-26,698689","-66,041042",Conectado
943,Santa Maria,Capital,Santiago del Estero,"-27,94944444","-64,22102778",Conectado
944,Santa Regina,General Villegas,Buenos Aires,"-34,54884671","-63,17312058",Conectado
945,Santa Rosa,Capital,La Pampa,"-36,62735556","-64,271325",Conectado
946,Santa Rosa Ciudad,Santa Rosa,Mendoza,"-33,24877778","-68,11734167",Conectado
947,Santa Rosa de los Leales,Leales,Tucumán,"-27,13291667","-65,25911111",Conectado
948,Santa Teresa,Constitucion,Santa Fe,"-33,44197033","-60,78543403",Conectado
949,Santa Trinidad,Coronel Suarez,Buenos Aires,"-37,48786389","-61,92400278",Conectado
950,Santiago del Estero,Capital,Santiago del Estero,"-27,801075","-64,268625",Conectado
951,Santiago Temple,Rio Segundo,Córdoba,"-31,38528333","-63,41868611",Conectado
952,Santo Tomas,Collon Cura,Neuquén,"-39,823189","-70,101491",Conectado
953,Santo Tome,Capital,Santa Fe,"-31,65614722","-60,79196111",Conectado
954,Sargento Vidal,General Roca,Rio Negro,"-38,68420833","-68,15688333",Conectado
955,Sarmiento,Totoral,Córdoba,"-30,77575","-64,10851389",Conectado
956,Sauce de Luna,Federal,Entre Ríos,"-31,23784444","-59,21733056",Conectado
957,Sauce Montrull,Parana,Entre Ríos,"-31,7433472","-60,36095556",Conectado
958,Sauce Viejo,Capital,Santa Fe,"-31,77177778","-60,8375",Conectado
959,Sauzal,San Pedro,Jujuy,"-24,297675","-64,95749167",Conectado
960,Seclantas,Molinos,Salta,"-25,330528","-66,245903",Conectado
961,Segui,Parana,Entre Ríos,"-31,96060278","-60,12542222",Conectado
962,Selva,Rivadavia,Santiago del Estero,"-29,76361111","-62,04766667",Conectado
963,Senillosa,Confluencia,Neuquén,"-39,01334722","-68,42318889",Conectado
964,Serrezuela,Cruz del Eje,Córdoba,"-30,63915471","-65,39251412",Conectado
965,Sierra Colorada,9 de Julio,Rio Negro,"-40,58708333","-67,75604444",Conectado
966,Sierra de los Padres,General Pueyrredon,Buenos Aires,"-37,9369","-57,78494",Conectado
967,Simbol,Silipica,Santiago del Estero,"-28,101083","-64,214167",Conectado
968,Sinsacate,Totoral,Córdoba,"-30,943036","-64,094772",Conectado
969,Sir Leonard,La Paz,Entre Ríos,"-31,38955556","-59,50119444",Conectado
970,Socavones,Santa Maria,Córdoba,"-31,52745","-64,14669444",Conectado
971,Soldado Maldonado,Monteros,Tucumán,"-27,14471667","-65,56586944",Conectado
972,Solis,San Andres de Giles,Buenos Aires,"-34,297386","-59,323536",Conectado
973,Stroeder,Patagones,Buenos Aires,"-40,188158","-62,621825",Conectado
974,Suipacha,Suipacha,Buenos Aires,"-34,776292","-59,696286",Conectado
975,Sunchales,Castellanos,Santa Fe,"-30,946","-61,54761111",Conectado
976,Suncho Corral,Juan F. Ibarra,Santiago del Estero,"-27,93126667","-63,43138333",Conectado
977,Susana,Castellanos,Santa Fe,"-31,35711944","-61,5189",Conectado
978,Susques,Susques,Jujuy,"-23,39781667","-66,36625278",Conectado
979,Tabossi,Parana,Entre Ríos,"-31,80084722","-59,93928333",Conectado
980,Taco Pozo,Almirante Brown,Chaco,"-25,61474722","-63,26638889",Conectado
981,Tacural,Castellanos,Santa Fe,"-30,843125","-61,5899888",Conectado
982,Tafi del Valle,Tafi del Valle,Tucumán,"-26,84238056","-65,71021389",Conectado
983,Tancacha,Tercero Arriba,Córdoba,"-32,23435833","-63,9839",Conectado
984,Tandil,Tandil,Buenos Aires,"-37,29973889","-59,13361111",Conectado
985,Tapalque,Tapalque,Buenos Aires,"-36,360978","-60,031272",Conectado
986,Tapso,Choya,Santiago del Estero,"-28,40580556","-65,10011389",Conectado
987,Taquimilan,Norquin,Neuquén,"-37,51212778","-70,24132778",Conectado
988,Tartagal,Gral.J. de San Martin,Salta,"-22,52795556","-63,79389722",Conectado
989,Tecka,Languiñeo,Chubut,"-43,500344","-70,804908",Conectado
990,Telen,Loventue,La Pampa,"-36,26516389","-65,51265556",Conectado
991,Teniente Berdina,Monteros,Tucumán,"-27,05102778","-65,48805556",Conectado
992,Teniente Origone,Villarino,Buenos Aires,"-39,061344","-62,571014",Conectado
993,Teodelina,General Lopez,Santa Fe,"-34,18320176","-61,53105927",Conectado
994,Termas de Rio Hondo,Rio Hondo,Santiago del Estero,"-27,49858056","-64,86618889",Conectado
995,Tezanos Pintos,Parana,Entre Ríos,"-31,86907778","-60,494575",Conectado
996,Theobald,Constitucion,Santa Fe,"-33,30974444","-60,31361111",Conectado
997,Tilcara,Tilcara,Jujuy,"-23,57438056","-65,39497778",Conectado
998,Tintina,Moreno,Santiago del Estero,"-26,87480556","-62,71621389",Conectado
999,Tio Pujio,General San Martin,Córdoba,"-32,286138","-63,353455",Conectado
1000,Toba,Vera,Santa Fe,"-29,2669722","-60,1696111",Conectado
1001,Tobantirenda,Gral.J. de San Martin,Salta,"-22,15371944","-63,71164167",Conectado
1002,Tobuna,San Pedro,Misiones,"-26,471073","-53,890948",Conectado
1003,Todd,Arrecifes,Buenos Aires,"-34,034443","-60,153441",Conectado
1004,Tolloche,Anta,Salta,"-25,52497222","-63,52088611",Conectado
1005,Tolombon,Cafayate,Salta,"-26,181472","-65,94025",Conectado
1006,Tomas Young,General Taboada,Santiago del Estero,"-28,60045556","-62,18478611",Conectado
1007,Tornquist,Tornquist,Buenos Aires,"-38,105861","-62,216778",Conectado
1008,Torres,Lujan,Buenos Aires,"-34,429694","-59,131639",Conectado
1009,Tortugas,Belgrano,Santa Fe,"-32,74766111","-61,81781111",Conectado
1010,Tostado,9 de Julio,Santa Fe,"-29,22866667","-61,77727778",Conectado
1011,Tranquitas,Gral.J. de San Martin,Salta,"-22,40572436","-63,77393649",Conectado
1012,Transito,San Justo,Córdoba,"-31,424575","-63,19341944",Conectado
1013,Trenque Lauquen,Trenque Lauquen,Buenos Aires,"-35,971336","-62,748289",Conectado
1014,Tres Algarrobos,Carlos Tejedor,Buenos Aires,"-35,196","-62,772722",Conectado
1015,Tres Cruces,Humahuaca,Jujuy,"-22,91941667","-65,58652778",Conectado
1016,Tres Lagos,Lago Argentino,Santa Cruz,"-49,59894167","-71,45290278",Conectado
1017,Tres Lomas,Tres Lomas,Buenos Aires,"-36,465908","-62,865686",Conectado
1018,Tuclame,Cruz del Eje,Córdoba,"-30,7472791","-65,23772051",Conectado
1019,Tumbaya,Tumbaya,Jujuy,"-23,85431111","-65,46634167",Conectado
1020,Tunuyan Silica,Tunuyan,Mendoza,"-33,61479","-69,020645",Conectado
1021,Tupeli,25 de Mayo,San Juan,"-31,835497","-68,355148",Conectado
1022,Unanue,Utracan,La Pampa,"-37,54558889","-64,34939722",Conectado
1023,Uquia,Humahuaca,Jujuy,"-23,30180652","-65,35756183",Conectado
1024,Urdinarrain,Gualeguaychu,Entre Ríos,"-32,67883333","-58,89186111",Conectado
1025,Uribelarrea,Cañuelas,Buenos Aires,"-35,123633","-58,891403",Conectado
1026,Uriburu,Catrilo,La Pampa,"-36,50879722","-63,85863611",Conectado
1027,Urundel,Oran,Salta,"-23,55672222","-64,39938333",Conectado
1028,Urutau,Copo,Santiago del Estero,"-25,71772948","-63,04505555",Conectado
1029,Valcheta,Valcheta,Rio Negro,"-40,68385278","-66,16168056",Conectado
1030,Vallecito,Caucete,San Juan,"-31,7369","-67,9836",Conectado
1031,Vedia,Leandro N. Alem,Buenos Aires,"-34,491353","-61,547914",Conectado
1032,Venado Tuerto,General Lopez,Santa Fe,"-33,75320683","-61,95782803",Conectado
1033,Vera,Vera,Santa Fe,"-29,46627778","-60,19722222",Conectado
1034,Viale,Parana,Entre Ríos,"-31,87345","-60,00747222",Conectado
1035,Vichigasta,Chilecito,La Rioja,"-29,485909","-67,506996",Conectado
1036,Victoria,Victoria,Entre Ríos,"-32,630175","-60,14625556",Conectado
1037,Victorica,Loventue,La Pampa,"-36,21543611","-65,43306111",Conectado
1038,Vicuna Mackena,Rio Cuarto,Córdoba,"-33,92585278","-64,38504722",Conectado
1039,Viedma,Adolfo Alsina,Rio Negro,"-40,82182222","-63,02243889",Conectado
1040,Vilelas,Juan F. Ibarra,Santiago del Estero,"-27,95880556","-62,60976944",Conectado
1041,Villa Alsina,Baradero,Buenos Aires,"-33,907189","-59,392931",Conectado
1042,Villa Amelia,Rosario,Santa Fe,"-33,17728333","-60,66563333",Conectado
1043,Villa Atamisqui,Atamisqui,Santiago del Estero,"-28,49888889","-63,81888889",Conectado
1044,Villa Atuel,San Rafael,Mendoza,"-34,83365833","-67,92318056",Conectado
1045,Villa Belgrano,Juan B. Alberdi,Tucumán,"-27,53027222","-65,61454444",Conectado
1046,Villa Borjas ,25 de Mayo,San Juan,"-31,810799","-68,328622",Conectado
1047,Villa Campanario,Bariloche,Rio Negro,"-41,10128333","-71,452175",Conectado
1048,Villa Castelar,Puan,Buenos Aires,"-37,3929833","-62,8046277",Conectado
1049,Villa Catedral,Bariloche,Rio Negro,"-41,16661389","-71,437975",Conectado
1050,Villa Clara,Villaguay,Entre Ríos,"-31,83051667","-58,82408333",Conectado
1051,Villa Clodomiro Hileret,Rio Chico,Tucumán,"-27,47498056","-65,66203889",Conectado
1052,Villa Cordoba,Lavalle,Corrientes,"-28,99281111","-59,079128",Conectado
1053,Villa de Leales,Leales,Tucumán,"-27,19353406","-65,31153452",Conectado
1054,Villa de Soto,Cruz del Eje,Córdoba,"-30,85405556","-65,01383333",Conectado
1055,Villa del Plata,Rosario,Santa Fe,"-33,127075","-60,71047778",Conectado
1056,Villa del Totoral,Totoral,Córdoba,"-30,7045167","-64,05856389",Conectado
1057,Villa del Transito,San Justo,Córdoba,"-31,44573889","-63,19451111",Conectado
1058,Villa Dominguez,Villaguay,Entre Ríos,"-31,986225","-58,965131",Conectado
1059,Villa Dominguito,San Martin,San Juan,"-31,560006","-68,295537",Conectado
1060,Villa Don Bosco,San Martin,San Juan,"-31,55320561","-68,33110822",Conectado
1061,Villa El Chocon,Confluencia,Neuquén,"-39,25937354","-68,79072561",Conectado
1062,Villa El Tango,25 de Mayo,San Juan,"-31,74805556","-68,24208333",Conectado
1063,Villa Eloisa,Iriondo,Santa Fe,"-32,95978056","-61,54212778",Conectado
1064,Villa Figueroa,Figueroa,Santiago del Estero,"-27,715625","-63,50668333",Conectado
1065,Villa Fontana,Parana,Entre Ríos,"-31,90468056","-60,47508333",Conectado
1066,Villa Gdor. Luis F. Etchevehere,Parana,Entre Ríos,"-31,9329722","-60,4276944",Conectado
1067,Villa General San Martin,Albardon,San Juan,"-31,43959167","-68,522475",Conectado
1068,Villa General Savio,Ramallo,Buenos Aires,"-33,438278","-60,147944",Conectado
1069,Villa Gesell,Villa Gesell,Buenos Aires,"-37,256008","-56,974533",Conectado
1070,Villa Gutierrez,Ischilin,Córdoba,"-30,67965696","-64,16012712",Conectado
1071,Villa Ibañez,Ullum,San Juan,"-31,46031363","-68,72215166",Conectado
1072,Villa Independencia,Caucete,San Juan,"-31,624175","-68,314042",Conectado
1073,Villa la Angostura,Los Lagos,Neuquén,"-40,76248889","-71,63949444",Conectado
1074,Villa La Rivera,Iriondo,Santa Fe,"-32,634925","-60,82102778",Conectado
1075,Villa Laguna La Brava,Balcarce,Buenos Aires,"-37,856886","-57,980419",Conectado
1076,Villa Libertador San Martin,Diamante,Entre Ríos,"-32,06666667","-60,45166667",Conectado
1077,Villa Llao Llao,Bariloche,Rio Negro,"-41,05229167","-71,52444722",Conectado
1078,Villa Los Coihues,Bariloche,Rio Negro,"-41,15344444","-71,40831944",Conectado
1079,Villa Los Llanos,Colon,Córdoba,"-31,27766111","-64,16426944",Conectado
1080,Villa Mantero,Uruguay,Entre Ríos,"-32,39466667","-58,74672222",Conectado
1081,Villa Maria,General San Martin,Córdoba,"-32,42468851","-63,3094768",Conectado
1082,Villa Media Agua,Sarmiento,San Juan,"-31,98258333","-68,41995",Conectado
1083,Villa Mercedes,Jachal,San Juan,"-30,103684","-68,701086",Conectado
1084,Villa Mercedes,General Pedernera,San Luis,"-33,58261111","-65,63341667",Conectado
1085,Villa Quinteros,Monteros,Tucumán,"-27,25446389","-65,54364167",Conectado
1086,Villa Ramallo,Ramallo,Buenos Aires,"-33,502018","-60,066802",Conectado
1087,Villa Ruiz,San Andres de Giles,Buenos Aires,"-34,4307416","-59,2613166",Conectado
1088,Villa San Isidro,General Roca,Rio Negro,"-38,7063027","-68,1717083",Conectado
1089,Villa San Jose,Castellanos,Santa Fe,"-31,33634422","-61,62032442",Conectado
1090,Villa San Justo,Uruguay,Entre Ríos,"-32,44892778","-58,43461667",Conectado
1091,Villa San Marcial,Uruguay,Entre Ríos,"-32,17997222","-58,92969444",Conectado
1092,Villa San Martin,San Martin,San Juan,"-31,516721","-68,351313",Conectado
1093,Villa San Martin _Est Loreto,Loreto,Santiago del Estero,"-28,30162537","-64,18963042",Conectado
1094,Villa Santa Rosa,25 de Mayo,San Juan,"-31,74555556","-68,315",Conectado
1095,Villa Trinidad,San Cristobal,Santa Fe,"-30,22283124","-61,86862626",Conectado
1096,Villa Tulumaya,Lavalle,Mendoza,"-32,71966389","-68,58938056",Conectado
1097,Villa Union,Coronel Felipe Varela,La Rioja,"-29,314181","-68,218968",Conectado
1098,Villa Vil,Belen,Catamarca,"-27,093541","-66,823508",Conectado
1099,Villaguay,Villaguay,Entre Ríos,"-31,86368889","-59,03486111",Conectado
1100,Villalonga,Patagones,Buenos Aires,"-39,911217","-62,615278",Conectado
1101,Villanueva,General Paz,Buenos Aires,"-35,675036","-58,435992",Conectado
1102,Viña,Arrecifes,Buenos Aires,"-33,989853","-60,23051",Conectado
1103,Viñalito,Santa Barbara,Jujuy,"-23,66794444","-64,41530556",Conectado
1104,Vista Alegre Norte,Confluencia,Neuquén,"-38,73098056","-68,17393056",Conectado
1105,Vista Alegre Sur,Confluencia,Neuquén,"-38,771625","-68,13476944",Conectado
1106,Volcan,Tumbaya,Jujuy,"-23,91780556","-65,46397222",Conectado
1107,Winifreda,Conhelo,La Pampa,"-36,23148611","-64,23697778",Conectado
1108,Yacuy,Gral.J. de San Martin,Salta,"-22,37033056","-63,76916944",Conectado
1109,Yala,Dr. Manuel Belgrano,Jujuy,"-24,118611","-65,401667",Conectado
1110,Yapes,Santa Maria,Catamarca,"-26,84455556","-66,078025",Conectado
1111,Yavi,Yavi,Jujuy,"-22,13191667","-65,45983333",Conectado
1112,Yavi Chico,Yavi,Jujuy,"-22,09991667","-65,45866667",Conectado
1113,Yerba Buena Tucuman cambia por San Pablo Catamarca ,Yerba Buena,Tucumán,"-26,811678","-65,265672",Conectado
1114,Yuto,Ledesma,Jujuy,"-23,64161111","-64,47055",Conectado
1115,Zapala,Zapala,Neuquén,"-38,89735","-70,066825",Conectado
1116,Zarate,Zarate,Buenos Aires,"-34,105194","-59,048278",Conectado
1117,Zavalia,General Viamonte,Buenos Aires,"-34,89458","-61,007927",Conectado
